ID,Year,113 Cause Name,Cause Name,State,Deaths,Age-adjusted Death Rate
2051,2015,Malignant neoplasms (C00-C97),Cancer,Delaware,2010,165.6
2052,2014,Malignant neoplasms (C00-C97),Cancer,Delaware,1972,167.3
2053,2013,Malignant neoplasms (C00-C97),Cancer,Delaware,1905,167.6
2054,2012,Malignant neoplasms (C00-C97),Cancer,Delaware,1935,177
2055,2011,Malignant neoplasms (C00-C97),Cancer,Delaware,1906,179.8
2056,2010,Malignant neoplasms (C00-C97),Cancer,Delaware,1909,185.7
2057,2009,Malignant neoplasms (C00-C97),Cancer,Delaware,1813,178.7
2058,2008,Malignant neoplasms (C00-C97),Cancer,Delaware,1912,193.3
2059,2007,Malignant neoplasms (C00-C97),Cancer,Delaware,1853,193.5
2060,2006,Malignant neoplasms (C00-C97),Cancer,Delaware,1780,190.7
2061,2005,Malignant neoplasms (C00-C97),Cancer,Delaware,1799,199.1
2062,2004,Malignant neoplasms (C00-C97),Cancer,Delaware,1827,208.3
2063,2003,Malignant neoplasms (C00-C97),Cancer,Delaware,1719,201.5
2064,2002,Malignant neoplasms (C00-C97),Cancer,Delaware,1621,194.8
2065,2001,Malignant neoplasms (C00-C97),Cancer,Delaware,1786,221
2066,2000,Malignant neoplasms (C00-C97),Cancer,Delaware,1609,203.3
2067,1999,Malignant neoplasms (C00-C97),Cancer,Delaware,1737,223.3
2068,2016,Malignant neoplasms (C00-C97),Cancer,District of Columbia,1044,160.1
2069,2015,Malignant neoplasms (C00-C97),Cancer,District of Columbia,1072,167.5
2070,2014,Malignant neoplasms (C00-C97),Cancer,District of Columbia,1116,178.6
2071,2013,Malignant neoplasms (C00-C97),Cancer,District of Columbia,1095,178.2
2072,2012,Malignant neoplasms (C00-C97),Cancer,District of Columbia,1081,178.8
2073,2011,Malignant neoplasms (C00-C97),Cancer,District of Columbia,1070,180.7
2074,2010,Malignant neoplasms (C00-C97),Cancer,District of Columbia,1041,178.3
2075,2009,Malignant neoplasms (C00-C97),Cancer,District of Columbia,1131,197.4
2076,2008,Malignant neoplasms (C00-C97),Cancer,District of Columbia,1143,201.6
2077,2007,Malignant neoplasms (C00-C97),Cancer,District of Columbia,1169,208.2
2078,2006,Malignant neoplasms (C00-C97),Cancer,District of Columbia,1178,210.5
2079,2005,Malignant neoplasms (C00-C97),Cancer,District of Columbia,1151,205.3
2080,2004,Malignant neoplasms (C00-C97),Cancer,District of Columbia,1152,206.4
2081,2003,Malignant neoplasms (C00-C97),Cancer,District of Columbia,1122,200.9
2082,2002,Malignant neoplasms (C00-C97),Cancer,District of Columbia,1298,231.8
2083,2001,Malignant neoplasms (C00-C97),Cancer,District of Columbia,1327,237.5
2084,2000,Malignant neoplasms (C00-C97),Cancer,District of Columbia,1335,238.3
2085,1999,Malignant neoplasms (C00-C97),Cancer,District of Columbia,1340,241.4
2086,2016,Malignant neoplasms (C00-C97),Cancer,Florida,44266,146.9
2087,2015,Malignant neoplasms (C00-C97),Cancer,Florida,44027,150.6
2088,2014,Malignant neoplasms (C00-C97),Cancer,Florida,43212,152.9
2089,2013,Malignant neoplasms (C00-C97),Cancer,Florida,42735,155.9
2090,2012,Malignant neoplasms (C00-C97),Cancer,Florida,42188,158.8
2091,2011,Malignant neoplasms (C00-C97),Cancer,Florida,41681,161.2
2092,2010,Malignant neoplasms (C00-C97),Cancer,Florida,41467,165.6
2093,2009,Malignant neoplasms (C00-C97),Cancer,Florida,40932,166.6
2094,2008,Malignant neoplasms (C00-C97),Cancer,Florida,40814,169.5
2095,2007,Malignant neoplasms (C00-C97),Cancer,Florida,40088,169.8
2096,2006,Malignant neoplasms (C00-C97),Cancer,Florida,40415,174.6
2097,2005,Malignant neoplasms (C00-C97),Cancer,Florida,40592,178.4
2098,2004,Malignant neoplasms (C00-C97),Cancer,Florida,39840,179.4
2099,2003,Malignant neoplasms (C00-C97),Cancer,Florida,39404,181.7
2100,2002,Malignant neoplasms (C00-C97),Cancer,Florida,39140,183.8
2101,2001,Malignant neoplasms (C00-C97),Cancer,Florida,39090,187.4
2102,2000,Malignant neoplasms (C00-C97),Cancer,Florida,39183,191.6
2103,1999,Malignant neoplasms (C00-C97),Cancer,Florida,38478,190.6
2104,2016,Malignant neoplasms (C00-C97),Cancer,Georgia,17184,160.2
2105,2015,Malignant neoplasms (C00-C97),Cancer,Georgia,16945,163
2106,2014,Malignant neoplasms (C00-C97),Cancer,Georgia,16684,165.5
2107,2013,Malignant neoplasms (C00-C97),Cancer,Georgia,16417,167.7
2108,2012,Malignant neoplasms (C00-C97),Cancer,Georgia,16021,169.1
2109,2011,Malignant neoplasms (C00-C97),Cancer,Georgia,15602,170.3
2110,2010,Malignant neoplasms (C00-C97),Cancer,Georgia,15435,174.8
2111,2009,Malignant neoplasms (C00-C97),Cancer,Georgia,15143,175.6
2112,2008,Malignant neoplasms (C00-C97),Cancer,Georgia,14621,175.1
2113,2007,Malignant neoplasms (C00-C97),Cancer,Georgia,14983,185.5
2114,2006,Malignant neoplasms (C00-C97),Cancer,Georgia,14474,184
2115,2005,Malignant neoplasms (C00-C97),Cancer,Georgia,14358,189.9
2116,2004,Malignant neoplasms (C00-C97),Cancer,Georgia,14313,195.5
2117,2003,Malignant neoplasms (C00-C97),Cancer,Georgia,14032,196.3
2118,2002,Malignant neoplasms (C00-C97),Cancer,Georgia,13975,200
2119,2001,Malignant neoplasms (C00-C97),Cancer,Georgia,13818,202.8
2120,2000,Malignant neoplasms (C00-C97),Cancer,Georgia,13690,206.7
2121,1999,Malignant neoplasms (C00-C97),Cancer,Georgia,13225,202.3
2122,2016,Malignant neoplasms (C00-C97),Cancer,Hawaii,2401,128.7
2123,2015,Malignant neoplasms (C00-C97),Cancer,Hawaii,2462,135.3
2124,2014,Malignant neoplasms (C00-C97),Cancer,Hawaii,2493,140
2125,2013,Malignant neoplasms (C00-C97),Cancer,Hawaii,2332,135.5
2126,2012,Malignant neoplasms (C00-C97),Cancer,Hawaii,2284,134.5
2127,2011,Malignant neoplasms (C00-C97),Cancer,Hawaii,2278,138.1
2128,2010,Malignant neoplasms (C00-C97),Cancer,Hawaii,2266,140.9
2129,2009,Malignant neoplasms (C00-C97),Cancer,Hawaii,2244,141.3
2130,2008,Malignant neoplasms (C00-C97),Cancer,Hawaii,2194,142.5
2131,2007,Malignant neoplasms (C00-C97),Cancer,Hawaii,2214,148
2132,2006,Malignant neoplasms (C00-C97),Cancer,Hawaii,2171,147.8
2133,2005,Malignant neoplasms (C00-C97),Cancer,Hawaii,2169,151.3
2134,2004,Malignant neoplasms (C00-C97),Cancer,Hawaii,2088,150.5
2135,2003,Malignant neoplasms (C00-C97),Cancer,Hawaii,2133,157.4
2136,2002,Malignant neoplasms (C00-C97),Cancer,Hawaii,1945,147.2
2137,2001,Malignant neoplasms (C00-C97),Cancer,Hawaii,2024,157.2
2138,2000,Malignant neoplasms (C00-C97),Cancer,Hawaii,1943,155.7
2139,1999,Malignant neoplasms (C00-C97),Cancer,Hawaii,1916,156.6
2140,2016,Malignant neoplasms (C00-C97),Cancer,Idaho,2884,150.9
2141,2015,Malignant neoplasms (C00-C97),Cancer,Idaho,2849,153.6
2142,2014,Malignant neoplasms (C00-C97),Cancer,Idaho,2795,155.4
2143,2013,Malignant neoplasms (C00-C97),Cancer,Idaho,2707,156.2
2144,2012,Malignant neoplasms (C00-C97),Cancer,Idaho,2572,152
2145,2011,Malignant neoplasms (C00-C97),Cancer,Idaho,2573,157.4
2146,2010,Malignant neoplasms (C00-C97),Cancer,Idaho,2530,159.9
2147,2009,Malignant neoplasms (C00-C97),Cancer,Idaho,2458,158.9
2148,2008,Malignant neoplasms (C00-C97),Cancer,Idaho,2511,166.7
2149,2007,Malignant neoplasms (C00-C97),Cancer,Idaho,2405,166.3
2150,2006,Malignant neoplasms (C00-C97),Cancer,Idaho,2306,163.2
2151,2005,Malignant neoplasms (C00-C97),Cancer,Idaho,2368,174.6
2152,2004,Malignant neoplasms (C00-C97),Cancer,Idaho,2227,169.6
2153,2003,Malignant neoplasms (C00-C97),Cancer,Idaho,2321,181.8
2154,2002,Malignant neoplasms (C00-C97),Cancer,Idaho,2138,172.3
2155,2001,Malignant neoplasms (C00-C97),Cancer,Idaho,2093,172.8
2156,2000,Malignant neoplasms (C00-C97),Cancer,Idaho,2128,180.6
2157,1999,Malignant neoplasms (C00-C97),Cancer,Idaho,2162,186.4
2158,2016,Malignant neoplasms (C00-C97),Cancer,Illinois,24389,163.5
2159,2015,Malignant neoplasms (C00-C97),Cancer,Illinois,24713,167.6
2160,2014,Malignant neoplasms (C00-C97),Cancer,Illinois,24501,168.9
2161,2013,Malignant neoplasms (C00-C97),Cancer,Illinois,24491,171.9
2162,2012,Malignant neoplasms (C00-C97),Cancer,Illinois,24562,175.6
2163,2011,Malignant neoplasms (C00-C97),Cancer,Illinois,24007,175
2164,2010,Malignant neoplasms (C00-C97),Cancer,Illinois,24070,178.6
2165,2009,Malignant neoplasms (C00-C97),Cancer,Illinois,24185,181.8
2166,2008,Malignant neoplasms (C00-C97),Cancer,Illinois,24300,185
2167,2007,Malignant neoplasms (C00-C97),Cancer,Illinois,24115,186.6
2168,2006,Malignant neoplasms (C00-C97),Cancer,Illinois,24084,188.7
2169,2005,Malignant neoplasms (C00-C97),Cancer,Illinois,24250,192.1
2170,2004,Malignant neoplasms (C00-C97),Cancer,Illinois,24289,194.8
2171,2003,Malignant neoplasms (C00-C97),Cancer,Illinois,24464,198.2
2172,2002,Malignant neoplasms (C00-C97),Cancer,Illinois,24737,202.8
2173,2001,Malignant neoplasms (C00-C97),Cancer,Illinois,24778,205.1
2174,2000,Malignant neoplasms (C00-C97),Cancer,Illinois,25365,212
2175,1999,Malignant neoplasms (C00-C97),Cancer,Illinois,25024,210.4
2176,2016,Malignant neoplasms (C00-C97),Cancer,Indiana,13424,172.5
2177,2015,Malignant neoplasms (C00-C97),Cancer,Indiana,13511,176.3
2178,2014,Malignant neoplasms (C00-C97),Cancer,Indiana,13519,179.7
2179,2013,Malignant neoplasms (C00-C97),Cancer,Indiana,13258,179.5
2180,2012,Malignant neoplasms (C00-C97),Cancer,Indiana,13368,184.4
2181,2011,Malignant neoplasms (C00-C97),Cancer,Indiana,13180,185.4
2182,2010,Malignant neoplasms (C00-C97),Cancer,Indiana,13164,188.6
2183,2009,Malignant neoplasms (C00-C97),Cancer,Indiana,13093,190.4
2184,2008,Malignant neoplasms (C00-C97),Cancer,Indiana,13137,194.3
2185,2007,Malignant neoplasms (C00-C97),Cancer,Indiana,12778,192.6
2186,2006,Malignant neoplasms (C00-C97),Cancer,Indiana,12903,197.5
2187,2005,Malignant neoplasms (C00-C97),Cancer,Indiana,12796,199.8
2188,2004,Malignant neoplasms (C00-C97),Cancer,Indiana,12552,199.1
2189,2003,Malignant neoplasms (C00-C97),Cancer,Indiana,12933,207.5
2190,2002,Malignant neoplasms (C00-C97),Cancer,Indiana,12865,209.7
2191,2001,Malignant neoplasms (C00-C97),Cancer,Indiana,12831,211.9
2192,2000,Malignant neoplasms (C00-C97),Cancer,Indiana,12842,214.7
2193,1999,Malignant neoplasms (C00-C97),Cancer,Indiana,12898,217.4
2194,2016,Malignant neoplasms (C00-C97),Cancer,Iowa,6432,159.8
2195,2015,Malignant neoplasms (C00-C97),Cancer,Iowa,6513,164.1
2196,2014,Malignant neoplasms (C00-C97),Cancer,Iowa,6504,166
2197,2013,Malignant neoplasms (C00-C97),Cancer,Iowa,6509,168.4
2198,2012,Malignant neoplasms (C00-C97),Cancer,Iowa,6438,168.6
2199,2011,Malignant neoplasms (C00-C97),Cancer,Iowa,6481,173.1
2200,2010,Malignant neoplasms (C00-C97),Cancer,Iowa,6358,171.9
2201,2009,Malignant neoplasms (C00-C97),Cancer,Iowa,6249,170.4
2202,2008,Malignant neoplasms (C00-C97),Cancer,Iowa,6424,177.1
2203,2007,Malignant neoplasms (C00-C97),Cancer,Iowa,6376,176.8
2204,2006,Malignant neoplasms (C00-C97),Cancer,Iowa,6359,179
2205,2005,Malignant neoplasms (C00-C97),Cancer,Iowa,6453,183.7
2206,2004,Malignant neoplasms (C00-C97),Cancer,Iowa,6340,182.3
2207,2003,Malignant neoplasms (C00-C97),Cancer,Iowa,6469,187.8
2208,2002,Malignant neoplasms (C00-C97),Cancer,Iowa,6473,189.3
2209,2001,Malignant neoplasms (C00-C97),Cancer,Iowa,6404,188.9
2210,2000,Malignant neoplasms (C00-C97),Cancer,Iowa,6448,191.7
2211,1999,Malignant neoplasms (C00-C97),Cancer,Iowa,6346,189.1
2212,2016,Malignant neoplasms (C00-C97),Cancer,Kansas,5484,158.6
2213,2015,Malignant neoplasms (C00-C97),Cancer,Kansas,5604,164.6
2214,2014,Malignant neoplasms (C00-C97),Cancer,Kansas,5587,166.8
2215,2013,Malignant neoplasms (C00-C97),Cancer,Kansas,5379,163.1
2216,2012,Malignant neoplasms (C00-C97),Cancer,Kansas,5429,168.2
2217,2011,Malignant neoplasms (C00-C97),Cancer,Kansas,5440,170.3
2218,2010,Malignant neoplasms (C00-C97),Cancer,Kansas,5377,171.3
2219,2009,Malignant neoplasms (C00-C97),Cancer,Kansas,5319,171.9
2220,2008,Malignant neoplasms (C00-C97),Cancer,Kansas,5294,173.1
2221,2007,Malignant neoplasms (C00-C97),Cancer,Kansas,5406,179.2
2222,2006,Malignant neoplasms (C00-C97),Cancer,Kansas,5343,180.1
2223,2005,Malignant neoplasms (C00-C97),Cancer,Kansas,5428,185.6
2224,2004,Malignant neoplasms (C00-C97),Cancer,Kansas,5312,183.1
2225,2003,Malignant neoplasms (C00-C97),Cancer,Kansas,5332,185.9
2226,2002,Malignant neoplasms (C00-C97),Cancer,Kansas,5362,188.7
2227,2001,Malignant neoplasms (C00-C97),Cancer,Kansas,5448,193.8
2228,2000,Malignant neoplasms (C00-C97),Cancer,Kansas,5223,187
2229,1999,Malignant neoplasms (C00-C97),Cancer,Kansas,5334,192.4
2230,2016,Malignant neoplasms (C00-C97),Cancer,Kentucky,10363,193.8
2231,2015,Malignant neoplasms (C00-C97),Cancer,Kentucky,10312,195.9
2232,2014,Malignant neoplasms (C00-C97),Cancer,Kentucky,10263,198.8
2233,2013,Malignant neoplasms (C00-C97),Cancer,Kentucky,10085,199.3
2234,2012,Malignant neoplasms (C00-C97),Cancer,Kentucky,10012,201.5
2235,2011,Malignant neoplasms (C00-C97),Cancer,Kentucky,9733,200.8
2236,2010,Malignant neoplasms (C00-C97),Cancer,Kentucky,9930,208.3
2237,2009,Malignant neoplasms (C00-C97),Cancer,Kentucky,9634,204.9
2238,2008,Malignant neoplasms (C00-C97),Cancer,Kentucky,9589,207.8
2239,2007,Malignant neoplasms (C00-C97),Cancer,Kentucky,9692,214.7
2240,2006,Malignant neoplasms (C00-C97),Cancer,Kentucky,9394,212
2241,2005,Malignant neoplasms (C00-C97),Cancer,Kentucky,9505,219.1
2242,2004,Malignant neoplasms (C00-C97),Cancer,Kentucky,9159,215.5
2243,2003,Malignant neoplasms (C00-C97),Cancer,Kentucky,9378,223.7
2244,2002,Malignant neoplasms (C00-C97),Cancer,Kentucky,9438,228.6
2245,2001,Malignant neoplasms (C00-C97),Cancer,Kentucky,9358,229.7
2246,2000,Malignant neoplasms (C00-C97),Cancer,Kentucky,9207,228.7
2247,1999,Malignant neoplasms (C00-C97),Cancer,Kentucky,8925,224.2
2248,2016,Malignant neoplasms (C00-C97),Cancer,Louisiana,9149,171.9
2249,2015,Malignant neoplasms (C00-C97),Cancer,Louisiana,9397,180.2
2250,2014,Malignant neoplasms (C00-C97),Cancer,Louisiana,9455,186.1
2251,2013,Malignant neoplasms (C00-C97),Cancer,Louisiana,9419,188.5
2252,2012,Malignant neoplasms (C00-C97),Cancer,Louisiana,9308,190.7
2253,2011,Malignant neoplasms (C00-C97),Cancer,Louisiana,9233,193.7
2254,2010,Malignant neoplasms (C00-C97),Cancer,Louisiana,9203,197.6
2255,2009,Malignant neoplasms (C00-C97),Cancer,Louisiana,9098,198.6
2256,2008,Malignant neoplasms (C00-C97),Cancer,Louisiana,9197,205.7
2257,2007,Malignant neoplasms (C00-C97),Cancer,Louisiana,8736,199.3
2258,2006,Malignant neoplasms (C00-C97),Cancer,Louisiana,8853,206.1
2259,2005,Malignant neoplasms (C00-C97),Cancer,Louisiana,9249,208.6
2260,2004,Malignant neoplasms (C00-C97),Cancer,Louisiana,9434,216.3
2261,2003,Malignant neoplasms (C00-C97),Cancer,Louisiana,9533,221.8
2262,2002,Malignant neoplasms (C00-C97),Cancer,Louisiana,9441,222.8
2263,2001,Malignant neoplasms (C00-C97),Cancer,Louisiana,9517,228
2264,2000,Malignant neoplasms (C00-C97),Cancer,Louisiana,9400,227.9
2265,1999,Malignant neoplasms (C00-C97),Cancer,Louisiana,9412,230.5
2266,2016,Malignant neoplasms (C00-C97),Cancer,Maine,3275,168.9
2267,2015,Malignant neoplasms (C00-C97),Cancer,Maine,3398,178
2268,2014,Malignant neoplasms (C00-C97),Cancer,Maine,3209,170.3
2269,2013,Malignant neoplasms (C00-C97),Cancer,Maine,3227,175.2
2270,2012,Malignant neoplasms (C00-C97),Cancer,Maine,3226,179.3
2271,2011,Malignant neoplasms (C00-C97),Cancer,Maine,3201,182.2
2272,2010,Malignant neoplasms (C00-C97),Cancer,Maine,3248,187.9
2273,2009,Malignant neoplasms (C00-C97),Cancer,Maine,3133,185.2
2274,2008,Malignant neoplasms (C00-C97),Cancer,Maine,3093,185
2275,2007,Malignant neoplasms (C00-C97),Cancer,Maine,3112,189.9
2276,2006,Malignant neoplasms (C00-C97),Cancer,Maine,3089,192.7
2277,2005,Malignant neoplasms (C00-C97),Cancer,Maine,3218,204.8
2278,2004,Malignant neoplasms (C00-C97),Cancer,Maine,3124,202.2
2279,2003,Malignant neoplasms (C00-C97),Cancer,Maine,3120,205.4
2280,2002,Malignant neoplasms (C00-C97),Cancer,Maine,3206,214.9
2281,2001,Malignant neoplasms (C00-C97),Cancer,Maine,3045,208.3
2282,2000,Malignant neoplasms (C00-C97),Cancer,Maine,3070,213.6
2283,1999,Malignant neoplasms (C00-C97),Cancer,Maine,3035,214.6
2284,2016,Malignant neoplasms (C00-C97),Cancer,Maryland,10911,156.5
2285,2015,Malignant neoplasms (C00-C97),Cancer,Maryland,10568,155
2286,2014,Malignant neoplasms (C00-C97),Cancer,Maryland,10759,161.7
2287,2013,Malignant neoplasms (C00-C97),Cancer,Maryland,10609,162.9
2288,2012,Malignant neoplasms (C00-C97),Cancer,Maryland,10525,165.6
2289,2011,Malignant neoplasms (C00-C97),Cancer,Maryland,10249,166.1
2290,2010,Malignant neoplasms (C00-C97),Cancer,Maryland,10269,171.2
2291,2009,Malignant neoplasms (C00-C97),Cancer,Maryland,10412,176.7
2292,2008,Malignant neoplasms (C00-C97),Cancer,Maryland,10360,180.1
2293,2007,Malignant neoplasms (C00-C97),Cancer,Maryland,10179,180.5
2294,2006,Malignant neoplasms (C00-C97),Cancer,Maryland,10350,187
2295,2005,Malignant neoplasms (C00-C97),Cancer,Maryland,10371,190.4
2296,2004,Malignant neoplasms (C00-C97),Cancer,Maryland,10168,190.5
2297,2003,Malignant neoplasms (C00-C97),Cancer,Maryland,10292,196.4
2298,2002,Malignant neoplasms (C00-C97),Cancer,Maryland,10395,202.2
2299,2001,Malignant neoplasms (C00-C97),Cancer,Maryland,10322,205.4
2300,2000,Malignant neoplasms (C00-C97),Cancer,Maryland,10290,209.7
2301,1999,Malignant neoplasms (C00-C97),Cancer,Maryland,10143,209.5
2302,2016,Malignant neoplasms (C00-C97),Cancer,Massachusetts,12717,150.2
2303,2015,Malignant neoplasms (C00-C97),Cancer,Massachusetts,12750,152.9
2304,2014,Malignant neoplasms (C00-C97),Cancer,Massachusetts,12787,155.5
2305,2013,Malignant neoplasms (C00-C97),Cancer,Massachusetts,12858,159.6
2306,2012,Malignant neoplasms (C00-C97),Cancer,Massachusetts,12864,163.3
2307,2011,Malignant neoplasms (C00-C97),Cancer,Massachusetts,12895,166.9
2308,2010,Malignant neoplasms (C00-C97),Cancer,Massachusetts,12993,171.3
2309,2009,Malignant neoplasms (C00-C97),Cancer,Massachusetts,13112,175.5
2310,2008,Malignant neoplasms (C00-C97),Cancer,Massachusetts,13031,177.2
2311,2007,Malignant neoplasms (C00-C97),Cancer,Massachusetts,13003,179.5
2312,2006,Malignant neoplasms (C00-C97),Cancer,Massachusetts,13407,187.5
2313,2005,Malignant neoplasms (C00-C97),Cancer,Massachusetts,13182,186.3
2314,2004,Malignant neoplasms (C00-C97),Cancer,Massachusetts,13337,190.1
2315,2003,Malignant neoplasms (C00-C97),Cancer,Massachusetts,13551,194.6
2316,2002,Malignant neoplasms (C00-C97),Cancer,Massachusetts,13914,201.4
2317,2001,Malignant neoplasms (C00-C97),Cancer,Massachusetts,13750,201.2
2318,2000,Malignant neoplasms (C00-C97),Cancer,Massachusetts,14027,207.2
2319,1999,Malignant neoplasms (C00-C97),Cancer,Massachusetts,13853,206.4
2320,2016,Malignant neoplasms (C00-C97),Cancer,Michigan,20870,166.4
2321,2015,Malignant neoplasms (C00-C97),Cancer,Michigan,20732,168
2322,2014,Malignant neoplasms (C00-C97),Cancer,Michigan,21169,174.1
2323,2013,Malignant neoplasms (C00-C97),Cancer,Michigan,20367,170.5
2324,2012,Malignant neoplasms (C00-C97),Cancer,Michigan,20496,174.8
2325,2011,Malignant neoplasms (C00-C97),Cancer,Michigan,20420,177.8
2326,2010,Malignant neoplasms (C00-C97),Cancer,Michigan,20620,182.9
2327,2009,Malignant neoplasms (C00-C97),Cancer,Michigan,20257,182.2
2328,2008,Malignant neoplasms (C00-C97),Cancer,Michigan,20211,184.4
2329,2007,Malignant neoplasms (C00-C97),Cancer,Michigan,20087,186.4
2330,2006,Malignant neoplasms (C00-C97),Cancer,Michigan,20192,190.5
2331,2005,Malignant neoplasms (C00-C97),Cancer,Michigan,20094,192.6
2332,2004,Malignant neoplasms (C00-C97),Cancer,Michigan,19653,190.9
2333,2003,Malignant neoplasms (C00-C97),Cancer,Michigan,19713,194.1
2334,2002,Malignant neoplasms (C00-C97),Cancer,Michigan,19985,199.9
2335,2001,Malignant neoplasms (C00-C97),Cancer,Michigan,19689,199.9
2336,2000,Malignant neoplasms (C00-C97),Cancer,Michigan,19798,204
2337,1999,Malignant neoplasms (C00-C97),Cancer,Michigan,19744,205.2
2338,2016,Malignant neoplasms (C00-C97),Cancer,Minnesota,9857,148.6
2339,2015,Malignant neoplasms (C00-C97),Cancer,Minnesota,9925,153
2340,2014,Malignant neoplasms (C00-C97),Cancer,Minnesota,9649,152.6
2341,2013,Malignant neoplasms (C00-C97),Cancer,Minnesota,9601,155.4
2342,2012,Malignant neoplasms (C00-C97),Cancer,Minnesota,9424,155.9
2343,2011,Malignant neoplasms (C00-C97),Cancer,Minnesota,9489,160.8
2344,2010,Malignant neoplasms (C00-C97),Cancer,Minnesota,9612,167.2
2345,2009,Malignant neoplasms (C00-C97),Cancer,Minnesota,9580,168.7
2346,2008,Malignant neoplasms (C00-C97),Cancer,Minnesota,9446,170.2
2347,2007,Malignant neoplasms (C00-C97),Cancer,Minnesota,9176,168.7
2348,2006,Malignant neoplasms (C00-C97),Cancer,Minnesota,9079,170.7
2349,2005,Malignant neoplasms (C00-C97),Cancer,Minnesota,8823,169
2350,2004,Malignant neoplasms (C00-C97),Cancer,Minnesota,9093,177
2351,2003,Malignant neoplasms (C00-C97),Cancer,Minnesota,9183,181.7
2352,2002,Malignant neoplasms (C00-C97),Cancer,Minnesota,9210,185.3
2353,2001,Malignant neoplasms (C00-C97),Cancer,Minnesota,8967,183.8
2354,2000,Malignant neoplasms (C00-C97),Cancer,Minnesota,9215,191.8
2355,1999,Malignant neoplasms (C00-C97),Cancer,Minnesota,8892,187
2356,2016,Malignant neoplasms (C00-C97),Cancer,Mississippi,6568,187.7
2357,2015,Malignant neoplasms (C00-C97),Cancer,Mississippi,6485,188.4
2358,2014,Malignant neoplasms (C00-C97),Cancer,Mississippi,6534,193.1
2359,2013,Malignant neoplasms (C00-C97),Cancer,Mississippi,6527,197
2360,2012,Malignant neoplasms (C00-C97),Cancer,Mississippi,6499,200.4
2361,2011,Malignant neoplasms (C00-C97),Cancer,Mississippi,6278,197.4
2362,2010,Malignant neoplasms (C00-C97),Cancer,Mississippi,6271,201.4
2363,2009,Malignant neoplasms (C00-C97),Cancer,Mississippi,6131,199.8
2364,2008,Malignant neoplasms (C00-C97),Cancer,Mississippi,6166,202.9
2365,2007,Malignant neoplasms (C00-C97),Cancer,Mississippi,6002,201.8
2366,2006,Malignant neoplasms (C00-C97),Cancer,Mississippi,6236,212.7
2367,2005,Malignant neoplasms (C00-C97),Cancer,Mississippi,6065,208.9
2368,2004,Malignant neoplasms (C00-C97),Cancer,Mississippi,5983,209.8
2369,2003,Malignant neoplasms (C00-C97),Cancer,Mississippi,5960,212.2
2370,2002,Malignant neoplasms (C00-C97),Cancer,Mississippi,6069,218.8
2371,2001,Malignant neoplasms (C00-C97),Cancer,Mississippi,5958,217.1
2372,2000,Malignant neoplasms (C00-C97),Cancer,Mississippi,6075,223.6
2373,1999,Malignant neoplasms (C00-C97),Cancer,Mississippi,6143,227.9
2374,2016,Malignant neoplasms (C00-C97),Cancer,Missouri,12696,167
2375,2015,Malignant neoplasms (C00-C97),Cancer,Missouri,12965,173.4
2376,2014,Malignant neoplasms (C00-C97),Cancer,Missouri,13067,177.7
2377,2013,Malignant neoplasms (C00-C97),Cancer,Missouri,12955,179.4
2378,2012,Malignant neoplasms (C00-C97),Cancer,Missouri,12919,182.3
2379,2011,Malignant neoplasms (C00-C97),Cancer,Missouri,12473,179.4
2380,2010,Malignant neoplasms (C00-C97),Cancer,Missouri,12626,185.6
2381,2009,Malignant neoplasms (C00-C97),Cancer,Missouri,12472,185.7
2382,2008,Malignant neoplasms (C00-C97),Cancer,Missouri,12523,189.5
2383,2007,Malignant neoplasms (C00-C97),Cancer,Missouri,12380,190.9
2384,2006,Malignant neoplasms (C00-C97),Cancer,Missouri,12519,195.8
2385,2005,Malignant neoplasms (C00-C97),Cancer,Missouri,12419,198
2386,2004,Malignant neoplasms (C00-C97),Cancer,Missouri,12450,201.1
2387,2003,Malignant neoplasms (C00-C97),Cancer,Missouri,12354,202.1
2388,2002,Malignant neoplasms (C00-C97),Cancer,Missouri,12322,204.1
2389,2001,Malignant neoplasms (C00-C97),Cancer,Missouri,12365,207.1
2390,2000,Malignant neoplasms (C00-C97),Cancer,Missouri,12144,205.9
2391,1999,Malignant neoplasms (C00-C97),Cancer,Missouri,12186,207.9
2392,2016,Malignant neoplasms (C00-C97),Cancer,Montana,2031,145.9
2393,2015,Malignant neoplasms (C00-C97),Cancer,Montana,2130,156.9
2394,2014,Malignant neoplasms (C00-C97),Cancer,Montana,2066,156.3
2395,2013,Malignant neoplasms (C00-C97),Cancer,Montana,1997,154.1
2396,2012,Malignant neoplasms (C00-C97),Cancer,Montana,1954,155.1
2397,2011,Malignant neoplasms (C00-C97),Cancer,Montana,2022,164.8
2398,2010,Malignant neoplasms (C00-C97),Cancer,Montana,1923,161
2399,2009,Malignant neoplasms (C00-C97),Cancer,Montana,1914,163
2400,2008,Malignant neoplasms (C00-C97),Cancer,Montana,1862,161.3
2401,2007,Malignant neoplasms (C00-C97),Cancer,Montana,1921,170.7
2402,2006,Malignant neoplasms (C00-C97),Cancer,Montana,1943,177.9
2403,2005,Malignant neoplasms (C00-C97),Cancer,Montana,1956,184.2
2404,2004,Malignant neoplasms (C00-C97),Cancer,Montana,1867,179.6
2405,2003,Malignant neoplasms (C00-C97),Cancer,Montana,1847,181.7
2406,2002,Malignant neoplasms (C00-C97),Cancer,Montana,1911,191.1
2407,2001,Malignant neoplasms (C00-C97),Cancer,Montana,1956,199.4
2408,2000,Malignant neoplasms (C00-C97),Cancer,Montana,1867,194
2409,1999,Malignant neoplasms (C00-C97),Cancer,Montana,1854,195.1
2410,2016,Malignant neoplasms (C00-C97),Cancer,Nebraska,3477,153.6
2411,2015,Malignant neoplasms (C00-C97),Cancer,Nebraska,3514,157.8
2412,2014,Malignant neoplasms (C00-C97),Cancer,Nebraska,3459,159.6
2413,2013,Malignant neoplasms (C00-C97),Cancer,Nebraska,3459,161.3
2414,2012,Malignant neoplasms (C00-C97),Cancer,Nebraska,3479,164.7
2415,2011,Malignant neoplasms (C00-C97),Cancer,Nebraska,3410,164.1
2416,2010,Malignant neoplasms (C00-C97),Cancer,Nebraska,3438,167.4
2417,2009,Malignant neoplasms (C00-C97),Cancer,Nebraska,3336,165.1
2418,2008,Malignant neoplasms (C00-C97),Cancer,Nebraska,3376,169.7
2419,2007,Malignant neoplasms (C00-C97),Cancer,Nebraska,3479,176.6
2420,2006,Malignant neoplasms (C00-C97),Cancer,Nebraska,3430,176.6
2421,2005,Malignant neoplasms (C00-C97),Cancer,Nebraska,3355,175.5
2422,2004,Malignant neoplasms (C00-C97),Cancer,Nebraska,3270,173.7
2423,2003,Malignant neoplasms (C00-C97),Cancer,Nebraska,3339,179
2424,2002,Malignant neoplasms (C00-C97),Cancer,Nebraska,3433,186.1
2425,2001,Malignant neoplasms (C00-C97),Cancer,Nebraska,3389,185.5
2426,2000,Malignant neoplasms (C00-C97),Cancer,Nebraska,3382,186.2
2427,1999,Malignant neoplasms (C00-C97),Cancer,Nebraska,3410,189
2428,2016,Malignant neoplasms (C00-C97),Cancer,Nevada,5214,157.3
2429,2015,Malignant neoplasms (C00-C97),Cancer,Nevada,5015,157.2
2430,2014,Malignant neoplasms (C00-C97),Cancer,Nevada,5015,164.5
2431,2013,Malignant neoplasms (C00-C97),Cancer,Nevada,4817,164.8
2432,2012,Malignant neoplasms (C00-C97),Cancer,Nevada,4610,163.6
2433,2011,Malignant neoplasms (C00-C97),Cancer,Nevada,4606,170.2
2434,2010,Malignant neoplasms (C00-C97),Cancer,Nevada,4529,174.2
2435,2009,Malignant neoplasms (C00-C97),Cancer,Nevada,4461,175.3
2436,2008,Malignant neoplasms (C00-C97),Cancer,Nevada,4404,179.4
2437,2007,Malignant neoplasms (C00-C97),Cancer,Nevada,4331,180.8
2438,2006,Malignant neoplasms (C00-C97),Cancer,Nevada,4226,184.5
2439,2005,Malignant neoplasms (C00-C97),Cancer,Nevada,4238,191
2440,2004,Malignant neoplasms (C00-C97),Cancer,Nevada,4119,191.9
2441,2003,Malignant neoplasms (C00-C97),Cancer,Nevada,4138,200.2
2442,2002,Malignant neoplasms (C00-C97),Cancer,Nevada,3937,201.3
2443,2001,Malignant neoplasms (C00-C97),Cancer,Nevada,3815,205.1
2444,2000,Malignant neoplasms (C00-C97),Cancer,Nevada,3763,213.6
2445,1999,Malignant neoplasms (C00-C97),Cancer,Nevada,3556,206.7
2446,2016,Malignant neoplasms (C00-C97),Cancer,New Hampshire,2875,164.1
2447,2015,Malignant neoplasms (C00-C97),Cancer,New Hampshire,2773,161.3
2448,2014,Malignant neoplasms (C00-C97),Cancer,New Hampshire,2698,160.4
2449,2013,Malignant neoplasms (C00-C97),Cancer,New Hampshire,2584,158
2450,2012,Malignant neoplasms (C00-C97),Cancer,New Hampshire,2660,167.8
2451,2011,Malignant neoplasms (C00-C97),Cancer,New Hampshire,2740,177.5
2452,2010,Malignant neoplasms (C00-C97),Cancer,New Hampshire,2525,167.9
2453,2009,Malignant neoplasms (C00-C97),Cancer,New Hampshire,2562,173.3
2454,2008,Malignant neoplasms (C00-C97),Cancer,New Hampshire,2576,177.3
2455,2007,Malignant neoplasms (C00-C97),Cancer,New Hampshire,2609,184.7
2456,2006,Malignant neoplasms (C00-C97),Cancer,New Hampshire,2534,183.9
2457,2005,Malignant neoplasms (C00-C97),Cancer,New Hampshire,2549,189.8
2458,2004,Malignant neoplasms (C00-C97),Cancer,New Hampshire,2554,194.8
2459,2003,Malignant neoplasms (C00-C97),Cancer,New Hampshire,2485,193.7
2460,2002,Malignant neoplasms (C00-C97),Cancer,New Hampshire,2529,201.8
2461,2001,Malignant neoplasms (C00-C97),Cancer,New Hampshire,2398,195.9
2462,2000,Malignant neoplasms (C00-C97),Cancer,New Hampshire,2484,206.9
2463,1999,Malignant neoplasms (C00-C97),Cancer,New Hampshire,2408,203.6
2464,2016,Malignant neoplasms (C00-C97),Cancer,New Jersey,16377,149.7
2465,2015,Malignant neoplasms (C00-C97),Cancer,New Jersey,16270,150.8
2466,2014,Malignant neoplasms (C00-C97),Cancer,New Jersey,16591,156.1
2467,2013,Malignant neoplasms (C00-C97),Cancer,New Jersey,16315,156.2
2468,2012,Malignant neoplasms (C00-C97),Cancer,New Jersey,16485,160.3
2469,2011,Malignant neoplasms (C00-C97),Cancer,New Jersey,16708,166
2470,2010,Malignant neoplasms (C00-C97),Cancer,New Jersey,16815,169.5
2471,2009,Malignant neoplasms (C00-C97),Cancer,New Jersey,16541,169
2472,2008,Malignant neoplasms (C00-C97),Cancer,New Jersey,16876,175
2473,2007,Malignant neoplasms (C00-C97),Cancer,New Jersey,17096,180.1
2474,2006,Malignant neoplasms (C00-C97),Cancer,New Jersey,17180,183
2475,2005,Malignant neoplasms (C00-C97),Cancer,New Jersey,17171,185
2476,2004,Malignant neoplasms (C00-C97),Cancer,New Jersey,17208,187.1
2477,2003,Malignant neoplasms (C00-C97),Cancer,New Jersey,17957,197.3
2478,2002,Malignant neoplasms (C00-C97),Cancer,New Jersey,17827,198.1
2479,2001,Malignant neoplasms (C00-C97),Cancer,New Jersey,18165,204.4
2480,2000,Malignant neoplasms (C00-C97),Cancer,New Jersey,18073,205.9
2481,1999,Malignant neoplasms (C00-C97),Cancer,New Jersey,18178,209.3
2482,2016,Malignant neoplasms (C00-C97),Cancer,New Mexico,3560,138.8
2483,2015,Malignant neoplasms (C00-C97),Cancer,New Mexico,3591,143.3
2484,2014,Malignant neoplasms (C00-C97),Cancer,New Mexico,3478,142.4
2485,2013,Malignant neoplasms (C00-C97),Cancer,New Mexico,3482,145.4
2486,2012,Malignant neoplasms (C00-C97),Cancer,New Mexico,3462,148.1
2487,2011,Malignant neoplasms (C00-C97),Cancer,New Mexico,3328,146.9
2488,2010,Malignant neoplasms (C00-C97),Cancer,New Mexico,3358,152.4
2489,2009,Malignant neoplasms (C00-C97),Cancer,New Mexico,3202,149
2490,2008,Malignant neoplasms (C00-C97),Cancer,New Mexico,3355,160.3
2491,2007,Malignant neoplasms (C00-C97),Cancer,New Mexico,3238,158.1
2492,2006,Malignant neoplasms (C00-C97),Cancer,New Mexico,3147,158.5
2493,2005,Malignant neoplasms (C00-C97),Cancer,New Mexico,3141,162.9
2494,2004,Malignant neoplasms (C00-C97),Cancer,New Mexico,3036,162.5
2495,2003,Malignant neoplasms (C00-C97),Cancer,New Mexico,3103,170.1
2496,2002,Malignant neoplasms (C00-C97),Cancer,New Mexico,3067,173.2
2497,2001,Malignant neoplasms (C00-C97),Cancer,New Mexico,2900,167.3
2498,2000,Malignant neoplasms (C00-C97),Cancer,New Mexico,2906,172.3
2499,1999,Malignant neoplasms (C00-C97),Cancer,New Mexico,2857,173.3
2500,2016,Malignant neoplasms (C00-C97),Cancer,New York,35368,147.5
2501,2015,Malignant neoplasms (C00-C97),Cancer,New York,35089,148.4
2502,2014,Malignant neoplasms (C00-C97),Cancer,New York,35392,151.8
2503,2013,Malignant neoplasms (C00-C97),Cancer,New York,35738,155.9
2504,2012,Malignant neoplasms (C00-C97),Cancer,New York,35882,159.4
2505,2011,Malignant neoplasms (C00-C97),Cancer,New York,35469,160.6
2506,2010,Malignant neoplasms (C00-C97),Cancer,New York,35431,163.1
2507,2009,Malignant neoplasms (C00-C97),Cancer,New York,35216,164.2
2508,2008,Malignant neoplasms (C00-C97),Cancer,New York,35351,166.9
2509,2007,Malignant neoplasms (C00-C97),Cancer,New York,35485,169.8
2510,2006,Malignant neoplasms (C00-C97),Cancer,New York,35284,170.9
2511,2005,Malignant neoplasms (C00-C97),Cancer,New York,35556,173.4
2512,2004,Malignant neoplasms (C00-C97),Cancer,New York,36100,177.8
2513,2003,Malignant neoplasms (C00-C97),Cancer,New York,36238,180.2
2514,2002,Malignant neoplasms (C00-C97),Cancer,New York,36661,184.4
2515,2001,Malignant neoplasms (C00-C97),Cancer,New York,36975,188.4
2516,2000,Malignant neoplasms (C00-C97),Cancer,New York,37198,192.2
2517,1999,Malignant neoplasms (C00-C97),Cancer,New York,37609,196.6
2518,2016,Malignant neoplasms (C00-C97),Cancer,North Carolina,19523,161.6
2519,2015,Malignant neoplasms (C00-C97),Cancer,North Carolina,19322,164.7
2520,2014,Malignant neoplasms (C00-C97),Cancer,North Carolina,19342,169.3
2521,2013,Malignant neoplasms (C00-C97),Cancer,North Carolina,18589,167.6
2522,2012,Malignant neoplasms (C00-C97),Cancer,North Carolina,18405,170.2
2523,2011,Malignant neoplasms (C00-C97),Cancer,North Carolina,18284,175
2524,2010,Malignant neoplasms (C00-C97),Cancer,North Carolina,18061,179
2525,2009,Malignant neoplasms (C00-C97),Cancer,North Carolina,17513,176.9
2526,2008,Malignant neoplasms (C00-C97),Cancer,North Carolina,17453,181.3
2527,2007,Malignant neoplasms (C00-C97),Cancer,North Carolina,17478,187.1
2528,2006,Malignant neoplasms (C00-C97),Cancer,North Carolina,17318,191.4
2529,2005,Malignant neoplasms (C00-C97),Cancer,North Carolina,16724,191.2
2530,2004,Malignant neoplasms (C00-C97),Cancer,North Carolina,16477,193.7
2531,2003,Malignant neoplasms (C00-C97),Cancer,North Carolina,16145,193.9
2532,2002,Malignant neoplasms (C00-C97),Cancer,North Carolina,16210,199.9
2533,2001,Malignant neoplasms (C00-C97),Cancer,North Carolina,16065,202.7
2534,2000,Malignant neoplasms (C00-C97),Cancer,North Carolina,15786,204.2
2535,1999,Malignant neoplasms (C00-C97),Cancer,North Carolina,15815,207.1
2536,2016,Malignant neoplasms (C00-C97),Cancer,North Dakota,1253,142.7
2537,2015,Malignant neoplasms (C00-C97),Cancer,North Dakota,1320,152.9
2538,2014,Malignant neoplasms (C00-C97),Cancer,North Dakota,1304,152.3
2539,2013,Malignant neoplasms (C00-C97),Cancer,North Dakota,1286,151.8
2540,2012,Malignant neoplasms (C00-C97),Cancer,North Dakota,1253,150.7
2541,2011,Malignant neoplasms (C00-C97),Cancer,North Dakota,1321,161
2542,2010,Malignant neoplasms (C00-C97),Cancer,North Dakota,1269,157.1
2543,2009,Malignant neoplasms (C00-C97),Cancer,North Dakota,1243,156.3
2544,2008,Malignant neoplasms (C00-C97),Cancer,North Dakota,1354,171.4
2545,2007,Malignant neoplasms (C00-C97),Cancer,North Dakota,1264,162.6
2546,2006,Malignant neoplasms (C00-C97),Cancer,North Dakota,1387,180.2
2547,2005,Malignant neoplasms (C00-C97),Cancer,North Dakota,1302,170.5
2548,2004,Malignant neoplasms (C00-C97),Cancer,North Dakota,1265,166.8
2549,2003,Malignant neoplasms (C00-C97),Cancer,North Dakota,1334,179.2
2550,2002,Malignant neoplasms (C00-C97),Cancer,North Dakota,1293,175.5
2551,2001,Malignant neoplasms (C00-C97),Cancer,North Dakota,1391,189.2
2552,2000,Malignant neoplasms (C00-C97),Cancer,North Dakota,1346,183.7
2553,1999,Malignant neoplasms (C00-C97),Cancer,North Dakota,1366,186.7
2554,2016,Malignant neoplasms (C00-C97),Cancer,Ohio,25509,173.4
2555,2015,Malignant neoplasms (C00-C97),Cancer,Ohio,25396,175.1
2556,2014,Malignant neoplasms (C00-C97),Cancer,Ohio,25433,177.8
2557,2013,Malignant neoplasms (C00-C97),Cancer,Ohio,24986,177.6
2558,2012,Malignant neoplasms (C00-C97),Cancer,Ohio,25261,182.7
2559,2011,Malignant neoplasms (C00-C97),Cancer,Ohio,25140,184.9
2560,2010,Malignant neoplasms (C00-C97),Cancer,Ohio,25083,187.7
2561,2009,Malignant neoplasms (C00-C97),Cancer,Ohio,25149,190.5
2562,2008,Malignant neoplasms (C00-C97),Cancer,Ohio,24998,191.9
2563,2007,Malignant neoplasms (C00-C97),Cancer,Ohio,25230,196.3
2564,2006,Malignant neoplasms (C00-C97),Cancer,Ohio,24975,197.3
2565,2005,Malignant neoplasms (C00-C97),Cancer,Ohio,24702,198.1
2566,2004,Malignant neoplasms (C00-C97),Cancer,Ohio,24940,202.1
2567,2003,Malignant neoplasms (C00-C97),Cancer,Ohio,25076,205.3
2568,2002,Malignant neoplasms (C00-C97),Cancer,Ohio,25173,209
2569,2001,Malignant neoplasms (C00-C97),Cancer,Ohio,24804,208.4
2570,2000,Malignant neoplasms (C00-C97),Cancer,Ohio,24988,212
2571,1999,Malignant neoplasms (C00-C97),Cancer,Ohio,25233,215.4
2572,2016,Malignant neoplasms (C00-C97),Cancer,Oklahoma,8115,177.8
2573,2015,Malignant neoplasms (C00-C97),Cancer,Oklahoma,8280,184.3
2574,2014,Malignant neoplasms (C00-C97),Cancer,Oklahoma,7934,179.9
2575,2013,Malignant neoplasms (C00-C97),Cancer,Oklahoma,8039,185.7
2576,2012,Malignant neoplasms (C00-C97),Cancer,Oklahoma,8040,189.9
2577,2011,Malignant neoplasms (C00-C97),Cancer,Oklahoma,7997,191.1
2578,2010,Malignant neoplasms (C00-C97),Cancer,Oklahoma,7831,191.3
2579,2009,Malignant neoplasms (C00-C97),Cancer,Oklahoma,7639,189.2
2580,2008,Malignant neoplasms (C00-C97),Cancer,Oklahoma,7657,193.1
2581,2007,Malignant neoplasms (C00-C97),Cancer,Oklahoma,7727,198.5
2582,2006,Malignant neoplasms (C00-C97),Cancer,Oklahoma,7491,195.2
2583,2005,Malignant neoplasms (C00-C97),Cancer,Oklahoma,7446,198
2584,2004,Malignant neoplasms (C00-C97),Cancer,Oklahoma,7269,196
2585,2003,Malignant neoplasms (C00-C97),Cancer,Oklahoma,7338,199.8
2586,2002,Malignant neoplasms (C00-C97),Cancer,Oklahoma,7474,205.7
2587,2001,Malignant neoplasms (C00-C97),Cancer,Oklahoma,7411,206.3
2588,2000,Malignant neoplasms (C00-C97),Cancer,Oklahoma,7402,207.4
2589,1999,Malignant neoplasms (C00-C97),Cancer,Oklahoma,7312,206.7
2590,2016,Malignant neoplasms (C00-C97),Cancer,Oregon,8078,155.9
2591,2015,Malignant neoplasms (C00-C97),Cancer,Oregon,8093,160.2
2592,2014,Malignant neoplasms (C00-C97),Cancer,Oregon,7863,160.2
2593,2013,Malignant neoplasms (C00-C97),Cancer,Oregon,7799,163.4
2594,2012,Malignant neoplasms (C00-C97),Cancer,Oregon,7832,168
2595,2011,Malignant neoplasms (C00-C97),Cancer,Oregon,7802,172.6
2596,2010,Malignant neoplasms (C00-C97),Cancer,Oregon,7638,173.9
2597,2009,Malignant neoplasms (C00-C97),Cancer,Oregon,7487,172.7
2598,2008,Malignant neoplasms (C00-C97),Cancer,Oregon,7479,177
2599,2007,Malignant neoplasms (C00-C97),Cancer,Oregon,7393,178.8
2600,2006,Malignant neoplasms (C00-C97),Cancer,Oregon,7309,180.9
2601,2005,Malignant neoplasms (C00-C97),Cancer,Oregon,7326,186.5
2602,2004,Malignant neoplasms (C00-C97),Cancer,Oregon,7236,188.8
2603,2003,Malignant neoplasms (C00-C97),Cancer,Oregon,7232,192.5
2604,2002,Malignant neoplasms (C00-C97),Cancer,Oregon,7249,197.3
2605,2001,Malignant neoplasms (C00-C97),Cancer,Oregon,7057,196.5
2606,2000,Malignant neoplasms (C00-C97),Cancer,Oregon,6951,197.3
2607,1999,Malignant neoplasms (C00-C97),Cancer,Oregon,6905,198.2
2608,2016,Malignant neoplasms (C00-C97),Cancer,Pennsylvania,28492,164.7
2609,2015,Malignant neoplasms (C00-C97),Cancer,Pennsylvania,28697,167.2
2610,2014,Malignant neoplasms (C00-C97),Cancer,Pennsylvania,28692,169.6
2611,2013,Malignant neoplasms (C00-C97),Cancer,Pennsylvania,28512,170.6
2612,2012,Malignant neoplasms (C00-C97),Cancer,Pennsylvania,28909,175.5
2613,2011,Malignant neoplasms (C00-C97),Cancer,Pennsylvania,28895,178
2614,2010,Malignant neoplasms (C00-C97),Cancer,Pennsylvania,29055,181.6
2615,2009,Malignant neoplasms (C00-C97),Cancer,Pennsylvania,28881,182.5
2616,2008,Malignant neoplasms (C00-C97),Cancer,Pennsylvania,28964,184.7
2617,2007,Malignant neoplasms (C00-C97),Cancer,Pennsylvania,29014,186.9
2618,2006,Malignant neoplasms (C00-C97),Cancer,Pennsylvania,29172,190.5
2619,2005,Malignant neoplasms (C00-C97),Cancer,Pennsylvania,29616,195.6
2620,2004,Malignant neoplasms (C00-C97),Cancer,Pennsylvania,29424,196.1
2621,2003,Malignant neoplasms (C00-C97),Cancer,Pennsylvania,29841,200
2622,2002,Malignant neoplasms (C00-C97),Cancer,Pennsylvania,29849,201.9
2623,2001,Malignant neoplasms (C00-C97),Cancer,Pennsylvania,29914,204.4
2624,2000,Malignant neoplasms (C00-C97),Cancer,Pennsylvania,30161,207
2625,1999,Malignant neoplasms (C00-C97),Cancer,Pennsylvania,30312,209.5
2626,2016,Malignant neoplasms (C00-C97),Cancer,Rhode Island,2171,158
2627,2015,Malignant neoplasms (C00-C97),Cancer,Rhode Island,2226,163.1
2628,2014,Malignant neoplasms (C00-C97),Cancer,Rhode Island,2242,167
2629,2013,Malignant neoplasms (C00-C97),Cancer,Rhode Island,2326,174.6
2630,2012,Malignant neoplasms (C00-C97),Cancer,Rhode Island,2148,163.5
2631,2011,Malignant neoplasms (C00-C97),Cancer,Rhode Island,2170,167.6
2632,2010,Malignant neoplasms (C00-C97),Cancer,Rhode Island,2266,178.3
2633,2009,Malignant neoplasms (C00-C97),Cancer,Rhode Island,2220,174.9
2634,2008,Malignant neoplasms (C00-C97),Cancer,Rhode Island,2227,178.1
2635,2007,Malignant neoplasms (C00-C97),Cancer,Rhode Island,2213,178.4
2636,2006,Malignant neoplasms (C00-C97),Cancer,Rhode Island,2250,181.4
2637,2005,Malignant neoplasms (C00-C97),Cancer,Rhode Island,2292,186.8
2638,2004,Malignant neoplasms (C00-C97),Cancer,Rhode Island,2418,196.8
2639,2003,Malignant neoplasms (C00-C97),Cancer,Rhode Island,2328,192.1
2640,2002,Malignant neoplasms (C00-C97),Cancer,Rhode Island,2404,199.3
2641,2001,Malignant neoplasms (C00-C97),Cancer,Rhode Island,2398,202.5
2642,2000,Malignant neoplasms (C00-C97),Cancer,Rhode Island,2433,206.4
2643,1999,Malignant neoplasms (C00-C97),Cancer,Rhode Island,2463,210.3
2644,2016,Malignant neoplasms (C00-C97),Cancer,South Carolina,10356,167.7
2645,2015,Malignant neoplasms (C00-C97),Cancer,South Carolina,9950,166.6
2646,2014,Malignant neoplasms (C00-C97),Cancer,South Carolina,9930,171.4
2647,2013,Malignant neoplasms (C00-C97),Cancer,South Carolina,9745,174
2648,2012,Malignant neoplasms (C00-C97),Cancer,South Carolina,9728,178.8
2649,2011,Malignant neoplasms (C00-C97),Cancer,South Carolina,9543,182
2650,2010,Malignant neoplasms (C00-C97),Cancer,South Carolina,9356,183.6
2651,2009,Malignant neoplasms (C00-C97),Cancer,South Carolina,9123,182.8
2652,2008,Malignant neoplasms (C00-C97),Cancer,South Carolina,9199,190
2653,2007,Malignant neoplasms (C00-C97),Cancer,South Carolina,8867,188.5
2654,2006,Malignant neoplasms (C00-C97),Cancer,South Carolina,8853,194.7
2655,2005,Malignant neoplasms (C00-C97),Cancer,South Carolina,8652,198.2
2656,2004,Malignant neoplasms (C00-C97),Cancer,South Carolina,8348,195.8
2657,2003,Malignant neoplasms (C00-C97),Cancer,South Carolina,8512,204.4
2658,2002,Malignant neoplasms (C00-C97),Cancer,South Carolina,8333,205.8
2659,2001,Malignant neoplasms (C00-C97),Cancer,South Carolina,8272,208.3
2660,2000,Malignant neoplasms (C00-C97),Cancer,South Carolina,8250,212.6
2661,1999,Malignant neoplasms (C00-C97),Cancer,South Carolina,8089,211.7
2662,2016,Malignant neoplasms (C00-C97),Cancer,South Dakota,1694,156.7
2663,2015,Malignant neoplasms (C00-C97),Cancer,South Dakota,1640,154
2664,2014,Malignant neoplasms (C00-C97),Cancer,South Dakota,1698,163.4
2665,2013,Malignant neoplasms (C00-C97),Cancer,South Dakota,1577,154.5
2666,2012,Malignant neoplasms (C00-C97),Cancer,South Dakota,1630,163
2667,2011,Malignant neoplasms (C00-C97),Cancer,South Dakota,1665,169.7
2668,2010,Malignant neoplasms (C00-C97),Cancer,South Dakota,1655,171
2669,2009,Malignant neoplasms (C00-C97),Cancer,South Dakota,1503,158.7
2670,2008,Malignant neoplasms (C00-C97),Cancer,South Dakota,1570,168.4
2671,2007,Malignant neoplasms (C00-C97),Cancer,South Dakota,1612,174.3
2672,2006,Malignant neoplasms (C00-C97),Cancer,South Dakota,1570,173.1
2673,2005,Malignant neoplasms (C00-C97),Cancer,South Dakota,1612,182.6
2674,2004,Malignant neoplasms (C00-C97),Cancer,South Dakota,1555,177.5
2675,2003,Malignant neoplasms (C00-C97),Cancer,South Dakota,1636,190.3
2676,2002,Malignant neoplasms (C00-C97),Cancer,South Dakota,1562,183.3
2677,2001,Malignant neoplasms (C00-C97),Cancer,South Dakota,1590,188.5
2678,2000,Malignant neoplasms (C00-C97),Cancer,South Dakota,1597,190.5
2679,1999,Malignant neoplasms (C00-C97),Cancer,South Dakota,1632,197.4
2680,2016,Malignant neoplasms (C00-C97),Cancer,Tennessee,14450,179.9
2681,2015,Malignant neoplasms (C00-C97),Cancer,Tennessee,14214,180.5
2682,2014,Malignant neoplasms (C00-C97),Cancer,Tennessee,14173,184.2
2683,2013,Malignant neoplasms (C00-C97),Cancer,Tennessee,13953,185.5
2684,2012,Malignant neoplasms (C00-C97),Cancer,Tennessee,13765,187.6
2685,2011,Malignant neoplasms (C00-C97),Cancer,Tennessee,13562,189
2686,2010,Malignant neoplasms (C00-C97),Cancer,Tennessee,13593,195.7
2687,2009,Malignant neoplasms (C00-C97),Cancer,Tennessee,13482,197.5
2688,2008,Malignant neoplasms (C00-C97),Cancer,Tennessee,13162,197.2
2689,2007,Malignant neoplasms (C00-C97),Cancer,Tennessee,13161,201.6
2690,2006,Malignant neoplasms (C00-C97),Cancer,Tennessee,13051,204.6
2691,2005,Malignant neoplasms (C00-C97),Cancer,Tennessee,12995,210.3
2692,2004,Malignant neoplasms (C00-C97),Cancer,Tennessee,12586,208.1
2693,2003,Malignant neoplasms (C00-C97),Cancer,Tennessee,12613,212.7
2694,2002,Malignant neoplasms (C00-C97),Cancer,Tennessee,12518,214.6
2695,2001,Malignant neoplasms (C00-C97),Cancer,Tennessee,12229,213.1
2696,2000,Malignant neoplasms (C00-C97),Cancer,Tennessee,12339,218.8
2697,1999,Malignant neoplasms (C00-C97),Cancer,Tennessee,11943,213.9
2698,2016,Malignant neoplasms (C00-C97),Cancer,Texas,40195,148.5
2699,2015,Malignant neoplasms (C00-C97),Cancer,Texas,39121,149.2
2700,2014,Malignant neoplasms (C00-C97),Cancer,Texas,38847,152.9
2701,2013,Malignant neoplasms (C00-C97),Cancer,Texas,38412,156.9
2702,2012,Malignant neoplasms (C00-C97),Cancer,Texas,38142,160.3
2703,2011,Malignant neoplasms (C00-C97),Cancer,Texas,37351,162.3
2704,2010,Malignant neoplasms (C00-C97),Cancer,Texas,36717,165.9
2705,2009,Malignant neoplasms (C00-C97),Cancer,Texas,35591,164.4
2706,2008,Malignant neoplasms (C00-C97),Cancer,Texas,35713,169.9
2707,2007,Malignant neoplasms (C00-C97),Cancer,Texas,35074,171.9
2708,2006,Malignant neoplasms (C00-C97),Cancer,Texas,34939,176.1
2709,2005,Malignant neoplasms (C00-C97),Cancer,Texas,34291,178.9
2710,2004,Malignant neoplasms (C00-C97),Cancer,Texas,33937,182.1
2711,2003,Malignant neoplasms (C00-C97),Cancer,Texas,33867,186.1
2712,2002,Malignant neoplasms (C00-C97),Cancer,Texas,34164,192.2
2713,2001,Malignant neoplasms (C00-C97),Cancer,Texas,33488,192.6
2714,2000,Malignant neoplasms (C00-C97),Cancer,Texas,33300,196.3
2715,1999,Malignant neoplasms (C00-C97),Cancer,Texas,32755,196.1
2716,2016,Malignant neoplasms (C00-C97),Cancer,United States,598038,155.8
2717,2015,Malignant neoplasms (C00-C97),Cancer,United States,595930,158.5
2718,2014,Malignant neoplasms (C00-C97),Cancer,United States,591700,161.2
2719,2013,Malignant neoplasms (C00-C97),Cancer,United States,584881,163.2
2720,2012,Malignant neoplasms (C00-C97),Cancer,United States,582623,166.5
2721,2011,Malignant neoplasms (C00-C97),Cancer,United States,576691,169
2722,2010,Malignant neoplasms (C00-C97),Cancer,United States,574743,172.8
2723,2009,Malignant neoplasms (C00-C97),Cancer,United States,567628,173.5
2724,2008,Malignant neoplasms (C00-C97),Cancer,United States,565469,176.4
2725,2007,Malignant neoplasms (C00-C97),Cancer,United States,562875,179.3
2726,2006,Malignant neoplasms (C00-C97),Cancer,United States,559888,181.8
2727,2005,Malignant neoplasms (C00-C97),Cancer,United States,559312,185.1
2728,2004,Malignant neoplasms (C00-C97),Cancer,United States,553888,186.8
2729,2003,Malignant neoplasms (C00-C97),Cancer,United States,556902,190.9
2730,2002,Malignant neoplasms (C00-C97),Cancer,United States,557271,194.3
2731,2001,Malignant neoplasms (C00-C97),Cancer,United States,553768,196.5
2732,2000,Malignant neoplasms (C00-C97),Cancer,United States,553091,199.6
2733,1999,Malignant neoplasms (C00-C97),Cancer,United States,549838,200.8
2734,2016,Malignant neoplasms (C00-C97),Cancer,Utah,3125,122.4
2735,2015,Malignant neoplasms (C00-C97),Cancer,Utah,3091,125.2
2736,2014,Malignant neoplasms (C00-C97),Cancer,Utah,3043,127.4
2737,2013,Malignant neoplasms (C00-C97),Cancer,Utah,2971,127.6
2738,2012,Malignant neoplasms (C00-C97),Cancer,Utah,2876,128.2
2739,2011,Malignant neoplasms (C00-C97),Cancer,Utah,2746,125.7
2740,2010,Malignant neoplasms (C00-C97),Cancer,Utah,2810,133.7
2741,2009,Malignant neoplasms (C00-C97),Cancer,Utah,2555,124.7
2742,2008,Malignant neoplasms (C00-C97),Cancer,Utah,2492,125.4
2743,2007,Malignant neoplasms (C00-C97),Cancer,Utah,2572,133.2
2744,2006,Malignant neoplasms (C00-C97),Cancer,Utah,2615,139.9
2745,2005,Malignant neoplasms (C00-C97),Cancer,Utah,2520,140.9
2746,2004,Malignant neoplasms (C00-C97),Cancer,Utah,2445,141.1
2747,2003,Malignant neoplasms (C00-C97),Cancer,Utah,2444,144.6
2748,2002,Malignant neoplasms (C00-C97),Cancer,Utah,2376,144.4
2749,2001,Malignant neoplasms (C00-C97),Cancer,Utah,2313,144.3
2750,2000,Malignant neoplasms (C00-C97),Cancer,Utah,2359,151.2
2751,1999,Malignant neoplasms (C00-C97),Cancer,Utah,2393,155.7
2752,2016,Malignant neoplasms (C00-C97),Cancer,Vermont,1356,158.4
2753,2015,Malignant neoplasms (C00-C97),Cancer,Vermont,1399,165.3
2754,2014,Malignant neoplasms (C00-C97),Cancer,Vermont,1379,167.9
2755,2013,Malignant neoplasms (C00-C97),Cancer,Vermont,1318,163.4
2756,2012,Malignant neoplasms (C00-C97),Cancer,Vermont,1325,165
2757,2011,Malignant neoplasms (C00-C97),Cancer,Vermont,1347,175.9
2758,2010,Malignant neoplasms (C00-C97),Cancer,Vermont,1392,183.3
2759,2009,Malignant neoplasms (C00-C97),Cancer,Vermont,1254,169.2
2760,2008,Malignant neoplasms (C00-C97),Cancer,Vermont,1279,176.3
2761,2007,Malignant neoplasms (C00-C97),Cancer,Vermont,1346,188.6
2762,2006,Malignant neoplasms (C00-C97),Cancer,Vermont,1214,172.6
2763,2005,Malignant neoplasms (C00-C97),Cancer,Vermont,1202,175.9
2764,2004,Malignant neoplasms (C00-C97),Cancer,Vermont,1212,179.5
2765,2003,Malignant neoplasms (C00-C97),Cancer,Vermont,1210,183.6
2766,2002,Malignant neoplasms (C00-C97),Cancer,Vermont,1224,188.3
2767,2001,Malignant neoplasms (C00-C97),Cancer,Vermont,1249,196.4
2768,2000,Malignant neoplasms (C00-C97),Cancer,Vermont,1240,198
2769,1999,Malignant neoplasms (C00-C97),Cancer,Vermont,1255,203.7
2770,2016,Malignant neoplasms (C00-C97),Cancer,Virginia,15027,156.1
2771,2015,Malignant neoplasms (C00-C97),Cancer,Virginia,14947,159.5
2772,2014,Malignant neoplasms (C00-C97),Cancer,Virginia,14749,161.5
2773,2013,Malignant neoplasms (C00-C97),Cancer,Virginia,14414,162
2774,2012,Malignant neoplasms (C00-C97),Cancer,Virginia,14294,165
2775,2011,Malignant neoplasms (C00-C97),Cancer,Virginia,14376,170.8
2776,2010,Malignant neoplasms (C00-C97),Cancer,Virginia,14080,172.4
2777,2009,Malignant neoplasms (C00-C97),Cancer,Virginia,14122,176.2
2778,2008,Malignant neoplasms (C00-C97),Cancer,Virginia,13983,179.1
2779,2007,Malignant neoplasms (C00-C97),Cancer,Virginia,14009,184
2780,2006,Malignant neoplasms (C00-C97),Cancer,Virginia,13829,185.3
2781,2005,Malignant neoplasms (C00-C97),Cancer,Virginia,13877,190
2782,2004,Malignant neoplasms (C00-C97),Cancer,Virginia,13385,188.5
2783,2003,Malignant neoplasms (C00-C97),Cancer,Virginia,13781,198.1
2784,2002,Malignant neoplasms (C00-C97),Cancer,Virginia,13602,200
2785,2001,Malignant neoplasms (C00-C97),Cancer,Virginia,13345,200.5
2786,2000,Malignant neoplasms (C00-C97),Cancer,Virginia,13528,208.6
2787,1999,Malignant neoplasms (C00-C97),Cancer,Virginia,13365,209.1
2788,2016,Malignant neoplasms (C00-C97),Cancer,Washington,12594,150.9
2789,2015,Malignant neoplasms (C00-C97),Cancer,Washington,12687,156.4
2790,2014,Malignant neoplasms (C00-C97),Cancer,Washington,12205,155.5
2791,2013,Malignant neoplasms (C00-C97),Cancer,Washington,11928,156.1
2792,2012,Malignant neoplasms (C00-C97),Cancer,Washington,11952,161.4
2793,2011,Malignant neoplasms (C00-C97),Cancer,Washington,12002,166.1
2794,2010,Malignant neoplasms (C00-C97),Cancer,Washington,11874,170.5
2795,2009,Malignant neoplasms (C00-C97),Cancer,Washington,11922,174.9
2796,2008,Malignant neoplasms (C00-C97),Cancer,Washington,11618,175.5
2797,2007,Malignant neoplasms (C00-C97),Cancer,Washington,11568,179
2798,2006,Malignant neoplasms (C00-C97),Cancer,Washington,11055,175.3
2799,2005,Malignant neoplasms (C00-C97),Cancer,Washington,11048,181
2800,2004,Malignant neoplasms (C00-C97),Cancer,Washington,10989,184.6
2801,2003,Malignant neoplasms (C00-C97),Cancer,Washington,11064,190.4
2802,2002,Malignant neoplasms (C00-C97),Cancer,Washington,10858,190.6
2803,2001,Malignant neoplasms (C00-C97),Cancer,Washington,10802,194.2
2804,2000,Malignant neoplasms (C00-C97),Cancer,Washington,10668,195.8
2805,1999,Malignant neoplasms (C00-C97),Cancer,Washington,10653,198.3
2806,2016,Malignant neoplasms (C00-C97),Cancer,West Virginia,4659,182.2
2807,2015,Malignant neoplasms (C00-C97),Cancer,West Virginia,4839,190.4
2808,2014,Malignant neoplasms (C00-C97),Cancer,West Virginia,4880,195.1
2809,2013,Malignant neoplasms (C00-C97),Cancer,West Virginia,4718,190.8
2810,2012,Malignant neoplasms (C00-C97),Cancer,West Virginia,4684,191.8
2811,2011,Malignant neoplasms (C00-C97),Cancer,West Virginia,4782,200.1
2812,2010,Malignant neoplasms (C00-C97),Cancer,West Virginia,4685,198
2813,2009,Malignant neoplasms (C00-C97),Cancer,West Virginia,4786,204.2
2814,2008,Malignant neoplasms (C00-C97),Cancer,West Virginia,4605,198.5
2815,2007,Malignant neoplasms (C00-C97),Cancer,West Virginia,4690,204.3
2816,2006,Malignant neoplasms (C00-C97),Cancer,West Virginia,4613,203.6
2817,2005,Malignant neoplasms (C00-C97),Cancer,West Virginia,4617,207.4
2818,2004,Malignant neoplasms (C00-C97),Cancer,West Virginia,4694,212.2
2819,2003,Malignant neoplasms (C00-C97),Cancer,West Virginia,4610,211.6
2820,2002,Malignant neoplasms (C00-C97),Cancer,West Virginia,4652,215.2
2821,2001,Malignant neoplasms (C00-C97),Cancer,West Virginia,4685,219.2
2822,2000,Malignant neoplasms (C00-C97),Cancer,West Virginia,4753,223.9
2823,1999,Malignant neoplasms (C00-C97),Cancer,West Virginia,4762,225.1
2824,2016,Malignant neoplasms (C00-C97),Cancer,Wisconsin,11498,158
2825,2015,Malignant neoplasms (C00-C97),Cancer,Wisconsin,11423,159.3
2826,2014,Malignant neoplasms (C00-C97),Cancer,Wisconsin,11393,161.8
2827,2013,Malignant neoplasms (C00-C97),Cancer,Wisconsin,11425,165.2
2828,2012,Malignant neoplasms (C00-C97),Cancer,Wisconsin,11252,166.3
2829,2011,Malignant neoplasms (C00-C97),Cancer,Wisconsin,11608,175.5
2830,2010,Malignant neoplasms (C00-C97),Cancer,Wisconsin,11279,174.5
2831,2009,Malignant neoplasms (C00-C97),Cancer,Wisconsin,10866,169.5
2832,2008,Malignant neoplasms (C00-C97),Cancer,Wisconsin,11185,177.8
2833,2007,Malignant neoplasms (C00-C97),Cancer,Wisconsin,10963,177.2
2834,2006,Malignant neoplasms (C00-C97),Cancer,Wisconsin,10925,179.9
2835,2005,Malignant neoplasms (C00-C97),Cancer,Wisconsin,10943,182.8
2836,2004,Malignant neoplasms (C00-C97),Cancer,Wisconsin,10861,184.7
2837,2003,Malignant neoplasms (C00-C97),Cancer,Wisconsin,10648,183.4
2838,2002,Malignant neoplasms (C00-C97),Cancer,Wisconsin,10828,189.6
2839,2001,Malignant neoplasms (C00-C97),Cancer,Wisconsin,10777,191.6
2840,2000,Malignant neoplasms (C00-C97),Cancer,Wisconsin,10638,191.7
2841,1999,Malignant neoplasms (C00-C97),Cancer,Wisconsin,10755,195.5
2842,2016,Malignant neoplasms (C00-C97),Cancer,Wyoming,962,140.9
2843,2015,Malignant neoplasms (C00-C97),Cancer,Wyoming,931,139.4
2844,2014,Malignant neoplasms (C00-C97),Cancer,Wyoming,922,140.7
2845,2013,Malignant neoplasms (C00-C97),Cancer,Wyoming,946,148.2
2846,2012,Malignant neoplasms (C00-C97),Cancer,Wyoming,955,154.2
2847,2011,Malignant neoplasms (C00-C97),Cancer,Wyoming,936,156
2848,2010,Malignant neoplasms (C00-C97),Cancer,Wyoming,1016,172.6
2849,2009,Malignant neoplasms (C00-C97),Cancer,Wyoming,936,164.7
2850,2008,Malignant neoplasms (C00-C97),Cancer,Wyoming,874,156.7
2851,2007,Malignant neoplasms (C00-C97),Cancer,Wyoming,940,172.9
2852,2006,Malignant neoplasms (C00-C97),Cancer,Wyoming,927,174.6
2853,2005,Malignant neoplasms (C00-C97),Cancer,Wyoming,886,169.2
2854,2004,Malignant neoplasms (C00-C97),Cancer,Wyoming,875,171.7
2855,2003,Malignant neoplasms (C00-C97),Cancer,Wyoming,943,188.9
2856,2002,Malignant neoplasms (C00-C97),Cancer,Wyoming,859,177.1
2857,2001,Malignant neoplasms (C00-C97),Cancer,Wyoming,923,194
2858,2000,Malignant neoplasms (C00-C97),Cancer,Wyoming,868,185.5
2859,1999,Malignant neoplasms (C00-C97),Cancer,Wyoming,899,195.1
2860,2016,Chronic lower respiratory diseases (J40-J47),CLRD,Alabama,3326,56.2
2861,2015,Chronic lower respiratory diseases (J40-J47),CLRD,Alabama,3279,56.4
2862,2014,Chronic lower respiratory diseases (J40-J47),CLRD,Alabama,3050,53.6
2863,2013,Chronic lower respiratory diseases (J40-J47),CLRD,Alabama,3043,54.8
2864,2012,Chronic lower respiratory diseases (J40-J47),CLRD,Alabama,3015,55.2
2865,2011,Chronic lower respiratory diseases (J40-J47),CLRD,Alabama,2912,55.2
2866,2010,Chronic lower respiratory diseases (J40-J47),CLRD,Alabama,2866,55.4
2867,2009,Chronic lower respiratory diseases (J40-J47),CLRD,Alabama,2770,54.2
2868,2008,Chronic lower respiratory diseases (J40-J47),CLRD,Alabama,2733,54.2
2869,2007,Chronic lower respiratory diseases (J40-J47),CLRD,Alabama,2530,51.3
2870,2006,Chronic lower respiratory diseases (J40-J47),CLRD,Alabama,2309,47.6
2871,2005,Chronic lower respiratory diseases (J40-J47),CLRD,Alabama,2382,50.1
2872,2004,Chronic lower respiratory diseases (J40-J47),CLRD,Alabama,2361,50.2
2873,2003,Chronic lower respiratory diseases (J40-J47),CLRD,Alabama,2434,52.4
2874,2002,Chronic lower respiratory diseases (J40-J47),CLRD,Alabama,2328,50.7
2875,2001,Chronic lower respiratory diseases (J40-J47),CLRD,Alabama,2204,48.3
2876,2000,Chronic lower respiratory diseases (J40-J47),CLRD,Alabama,2057,45.5
2877,1999,Chronic lower respiratory diseases (J40-J47),CLRD,Alabama,2179,48.6
2878,2016,Chronic lower respiratory diseases (J40-J47),CLRD,Alaska,238,41.5
2879,2015,Chronic lower respiratory diseases (J40-J47),CLRD,Alaska,204,37.8
2880,2014,Chronic lower respiratory diseases (J40-J47),CLRD,Alaska,192,38.8
2881,2013,Chronic lower respiratory diseases (J40-J47),CLRD,Alaska,197,37.9
2882,2012,Chronic lower respiratory diseases (J40-J47),CLRD,Alaska,189,40.9
2883,2011,Chronic lower respiratory diseases (J40-J47),CLRD,Alaska,194,41.8
2884,2010,Chronic lower respiratory diseases (J40-J47),CLRD,Alaska,176,41.5
2885,2009,Chronic lower respiratory diseases (J40-J47),CLRD,Alaska,196,49.7
2886,2008,Chronic lower respiratory diseases (J40-J47),CLRD,Alaska,181,44.6
2887,2007,Chronic lower respiratory diseases (J40-J47),CLRD,Alaska,175,45.5
2888,2006,Chronic lower respiratory diseases (J40-J47),CLRD,Alaska,140,37.8
2889,2005,Chronic lower respiratory diseases (J40-J47),CLRD,Alaska,158,42.7
2890,2004,Chronic lower respiratory diseases (J40-J47),CLRD,Alaska,139,39.5
2891,2003,Chronic lower respiratory diseases (J40-J47),CLRD,Alaska,147,46.9
2892,2002,Chronic lower respiratory diseases (J40-J47),CLRD,Alaska,142,47.5
2893,2001,Chronic lower respiratory diseases (J40-J47),CLRD,Alaska,147,49.9
2894,2000,Chronic lower respiratory diseases (J40-J47),CLRD,Alaska,132,47.6
2895,1999,Chronic lower respiratory diseases (J40-J47),CLRD,Alaska,146,56.4
2896,2016,Chronic lower respiratory diseases (J40-J47),CLRD,Arizona,3800,43.5
2897,2015,Chronic lower respiratory diseases (J40-J47),CLRD,Arizona,3681,43.8
2898,2014,Chronic lower respiratory diseases (J40-J47),CLRD,Arizona,3396,42.2
2899,2013,Chronic lower respiratory diseases (J40-J47),CLRD,Arizona,3345,43.5
2900,2012,Chronic lower respiratory diseases (J40-J47),CLRD,Arizona,3221,43.6
2901,2011,Chronic lower respiratory diseases (J40-J47),CLRD,Arizona,3166,44.5
2902,2010,Chronic lower respiratory diseases (J40-J47),CLRD,Arizona,2926,43.1
2903,2009,Chronic lower respiratory diseases (J40-J47),CLRD,Arizona,2839,42.7
2904,2008,Chronic lower respiratory diseases (J40-J47),CLRD,Arizona,2939,45.5
2905,2007,Chronic lower respiratory diseases (J40-J47),CLRD,Arizona,2686,42.9
2906,2006,Chronic lower respiratory diseases (J40-J47),CLRD,Arizona,2799,46
2907,2005,Chronic lower respiratory diseases (J40-J47),CLRD,Arizona,2821,48
2908,2004,Chronic lower respiratory diseases (J40-J47),CLRD,Arizona,2416,42.9
2909,2003,Chronic lower respiratory diseases (J40-J47),CLRD,Arizona,2560,46.5
2910,2002,Chronic lower respiratory diseases (J40-J47),CLRD,Arizona,2575,48.4
2911,2001,Chronic lower respiratory diseases (J40-J47),CLRD,Arizona,2499,47.7
2912,2000,Chronic lower respiratory diseases (J40-J47),CLRD,Arizona,2508,49.3
2913,1999,Chronic lower respiratory diseases (J40-J47),CLRD,Arizona,2553,51.2
2914,2016,Chronic lower respiratory diseases (J40-J47),CLRD,Arkansas,2169,59.1
2915,2015,Chronic lower respiratory diseases (J40-J47),CLRD,Arkansas,2270,62.4
2916,2014,Chronic lower respiratory diseases (J40-J47),CLRD,Arkansas,2092,58.9
2917,2013,Chronic lower respiratory diseases (J40-J47),CLRD,Arkansas,2090,60.1
2918,2012,Chronic lower respiratory diseases (J40-J47),CLRD,Arkansas,1910,55.8
2919,2011,Chronic lower respiratory diseases (J40-J47),CLRD,Arkansas,1985,58.9
2920,2010,Chronic lower respiratory diseases (J40-J47),CLRD,Arkansas,1773,53.5
2921,2009,Chronic lower respiratory diseases (J40-J47),CLRD,Arkansas,1831,56.2
2922,2008,Chronic lower respiratory diseases (J40-J47),CLRD,Arkansas,1887,58.7
2923,2007,Chronic lower respiratory diseases (J40-J47),CLRD,Arkansas,1656,52.6
2924,2006,Chronic lower respiratory diseases (J40-J47),CLRD,Arkansas,1498,48.1
2925,2005,Chronic lower respiratory diseases (J40-J47),CLRD,Arkansas,1559,51.1
2926,2004,Chronic lower respiratory diseases (J40-J47),CLRD,Arkansas,1428,47.4
2927,2003,Chronic lower respiratory diseases (J40-J47),CLRD,Arkansas,1500,50.1
2928,2002,Chronic lower respiratory diseases (J40-J47),CLRD,Arkansas,1441,48.5
2929,2001,Chronic lower respiratory diseases (J40-J47),CLRD,Arkansas,1368,46.5
2930,2000,Chronic lower respiratory diseases (J40-J47),CLRD,Arkansas,1405,48
2931,1999,Chronic lower respiratory diseases (J40-J47),CLRD,Arkansas,1358,46.8
2932,2016,Chronic lower respiratory diseases (J40-J47),CLRD,California,13710,32.6
2933,2015,Chronic lower respiratory diseases (J40-J47),CLRD,California,13621,33.1
2934,2014,Chronic lower respiratory diseases (J40-J47),CLRD,California,12780,32
2935,2013,Chronic lower respiratory diseases (J40-J47),CLRD,California,13598,35.3
2936,2012,Chronic lower respiratory diseases (J40-J47),CLRD,California,12963,34.5
2937,2011,Chronic lower respiratory diseases (J40-J47),CLRD,California,13357,36.7
2938,2010,Chronic lower respiratory diseases (J40-J47),CLRD,California,12987,37
2939,2009,Chronic lower respiratory diseases (J40-J47),CLRD,California,12936,37.5
2940,2008,Chronic lower respiratory diseases (J40-J47),CLRD,California,13426,39.9
2941,2007,Chronic lower respiratory diseases (J40-J47),CLRD,California,12532,38.3
2942,2006,Chronic lower respiratory diseases (J40-J47),CLRD,California,12829,40.1
2943,2005,Chronic lower respiratory diseases (J40-J47),CLRD,California,13188,41.8
2944,2004,Chronic lower respiratory diseases (J40-J47),CLRD,California,12522,40.6
2945,2003,Chronic lower respiratory diseases (J40-J47),CLRD,California,13448,44.2
2946,2002,Chronic lower respiratory diseases (J40-J47),CLRD,California,12684,42.6
2947,2001,Chronic lower respiratory diseases (J40-J47),CLRD,California,12965,44.4
2948,2000,Chronic lower respiratory diseases (J40-J47),CLRD,California,12756,44.6
2949,1999,Chronic lower respiratory diseases (J40-J47),CLRD,California,13165,46.9
2950,2016,Chronic lower respiratory diseases (J40-J47),CLRD,Colorado,2575,46.4
2951,2015,Chronic lower respiratory diseases (J40-J47),CLRD,Colorado,2577,47.8
2952,2014,Chronic lower respiratory diseases (J40-J47),CLRD,Colorado,2451,47.2
2953,2013,Chronic lower respiratory diseases (J40-J47),CLRD,Colorado,2297,45.9
2954,2012,Chronic lower respiratory diseases (J40-J47),CLRD,Colorado,2239,46.7
2955,2011,Chronic lower respiratory diseases (J40-J47),CLRD,Colorado,2151,46.4
2956,2010,Chronic lower respiratory diseases (J40-J47),CLRD,Colorado,2199,49.7
2957,2009,Chronic lower respiratory diseases (J40-J47),CLRD,Colorado,2073,47.8
2958,2008,Chronic lower respiratory diseases (J40-J47),CLRD,Colorado,2188,52.5
2959,2007,Chronic lower respiratory diseases (J40-J47),CLRD,Colorado,2002,49.4
2960,2006,Chronic lower respiratory diseases (J40-J47),CLRD,Colorado,1932,49.3
2961,2005,Chronic lower respiratory diseases (J40-J47),CLRD,Colorado,1914,50.9
2962,2004,Chronic lower respiratory diseases (J40-J47),CLRD,Colorado,1899,51.8
2963,2003,Chronic lower respiratory diseases (J40-J47),CLRD,Colorado,1931,54
2964,2002,Chronic lower respiratory diseases (J40-J47),CLRD,Colorado,1848,53
2965,2001,Chronic lower respiratory diseases (J40-J47),CLRD,Colorado,1836,53.9
2966,2000,Chronic lower respiratory diseases (J40-J47),CLRD,Colorado,1787,53.9
2967,1999,Chronic lower respiratory diseases (J40-J47),CLRD,Colorado,1894,58.1
2968,2016,Chronic lower respiratory diseases (J40-J47),CLRD,Connecticut,1425,30.5
2969,2015,Chronic lower respiratory diseases (J40-J47),CLRD,Connecticut,1369,29.7
2970,2014,Chronic lower respiratory diseases (J40-J47),CLRD,Connecticut,1368,30.2
2971,2013,Chronic lower respiratory diseases (J40-J47),CLRD,Connecticut,1348,29.7
2972,2012,Chronic lower respiratory diseases (J40-J47),CLRD,Connecticut,1387,30.9
2973,2011,Chronic lower respiratory diseases (J40-J47),CLRD,Connecticut,1415,32.1
2974,2010,Chronic lower respiratory diseases (J40-J47),CLRD,Connecticut,1289,29.4
2975,2009,Chronic lower respiratory diseases (J40-J47),CLRD,Connecticut,1448,33.5
2976,2008,Chronic lower respiratory diseases (J40-J47),CLRD,Connecticut,1505,35.3
2977,2007,Chronic lower respiratory diseases (J40-J47),CLRD,Connecticut,1353,32.3
2978,2006,Chronic lower respiratory diseases (J40-J47),CLRD,Connecticut,1458,35
2979,2005,Chronic lower respiratory diseases (J40-J47),CLRD,Connecticut,1471,36.1
2980,2004,Chronic lower respiratory diseases (J40-J47),CLRD,Connecticut,1432,35.4
2981,2003,Chronic lower respiratory diseases (J40-J47),CLRD,Connecticut,1445,36.1
2982,2002,Chronic lower respiratory diseases (J40-J47),CLRD,Connecticut,1453,36.9
2983,2001,Chronic lower respiratory diseases (J40-J47),CLRD,Connecticut,1486,38.2
2984,2000,Chronic lower respiratory diseases (J40-J47),CLRD,Connecticut,1533,40.1
2985,1999,Chronic lower respiratory diseases (J40-J47),CLRD,Connecticut,1435,37.8
2986,2016,Chronic lower respiratory diseases (J40-J47),CLRD,Delaware,544,43.7
2987,2015,Chronic lower respiratory diseases (J40-J47),CLRD,Delaware,510,42.5
2988,2014,Chronic lower respiratory diseases (J40-J47),CLRD,Delaware,458,40.2
2989,2013,Chronic lower respiratory diseases (J40-J47),CLRD,Delaware,482,43.5
2990,2012,Chronic lower respiratory diseases (J40-J47),CLRD,Delaware,420,39.1
2991,2011,Chronic lower respiratory diseases (J40-J47),CLRD,Delaware,460,44.8
2992,2010,Chronic lower respiratory diseases (J40-J47),CLRD,Delaware,441,44
2993,2009,Chronic lower respiratory diseases (J40-J47),CLRD,Delaware,428,43.4
2994,2008,Chronic lower respiratory diseases (J40-J47),CLRD,Delaware,472,48.9
2995,2007,Chronic lower respiratory diseases (J40-J47),CLRD,Delaware,379,40.5
2996,2006,Chronic lower respiratory diseases (J40-J47),CLRD,Delaware,344,37.9
2997,2005,Chronic lower respiratory diseases (J40-J47),CLRD,Delaware,411,46.8
2998,2004,Chronic lower respiratory diseases (J40-J47),CLRD,Delaware,345,40.4
2999,2003,Chronic lower respiratory diseases (J40-J47),CLRD,Delaware,339,40.6
3000,2002,Chronic lower respiratory diseases (J40-J47),CLRD,Delaware,350,43.3
3001,2001,Chronic lower respiratory diseases (J40-J47),CLRD,Delaware,306,38.3
3002,2000,Chronic lower respiratory diseases (J40-J47),CLRD,Delaware,341,44
3003,1999,Chronic lower respiratory diseases (J40-J47),CLRD,Delaware,327,42.7
3004,2016,Chronic lower respiratory diseases (J40-J47),CLRD,District of Columbia,152,24
3005,2015,Chronic lower respiratory diseases (J40-J47),CLRD,District of Columbia,147,23.4
3006,2014,Chronic lower respiratory diseases (J40-J47),CLRD,District of Columbia,136,21.9
3007,2013,Chronic lower respiratory diseases (J40-J47),CLRD,District of Columbia,150,25
3008,2012,Chronic lower respiratory diseases (J40-J47),CLRD,District of Columbia,139,23.5
3009,2011,Chronic lower respiratory diseases (J40-J47),CLRD,District of Columbia,151,25.4
3010,2010,Chronic lower respiratory diseases (J40-J47),CLRD,District of Columbia,147,25.7
3011,2009,Chronic lower respiratory diseases (J40-J47),CLRD,District of Columbia,136,24.5
3012,2008,Chronic lower respiratory diseases (J40-J47),CLRD,District of Columbia,139,25.2
3013,2007,Chronic lower respiratory diseases (J40-J47),CLRD,District of Columbia,129,23.5
3014,2006,Chronic lower respiratory diseases (J40-J47),CLRD,District of Columbia,126,23.1
3015,2005,Chronic lower respiratory diseases (J40-J47),CLRD,District of Columbia,132,24
3016,2004,Chronic lower respiratory diseases (J40-J47),CLRD,District of Columbia,165,29.7
3017,2003,Chronic lower respiratory diseases (J40-J47),CLRD,District of Columbia,137,24.7
3018,2002,Chronic lower respiratory diseases (J40-J47),CLRD,District of Columbia,133,23.7
3019,2001,Chronic lower respiratory diseases (J40-J47),CLRD,District of Columbia,150,26.8
3020,2000,Chronic lower respiratory diseases (J40-J47),CLRD,District of Columbia,175,31.3
3021,1999,Chronic lower respiratory diseases (J40-J47),CLRD,District of Columbia,166,29.9
3022,2016,Chronic lower respiratory diseases (J40-J47),CLRD,Florida,11970,38
3023,2015,Chronic lower respiratory diseases (J40-J47),CLRD,Florida,11705,38.4
3024,2014,Chronic lower respiratory diseases (J40-J47),CLRD,Florida,11178,38
3025,2013,Chronic lower respiratory diseases (J40-J47),CLRD,Florida,11379,39.9
3026,2012,Chronic lower respiratory diseases (J40-J47),CLRD,Florida,10585,38.4
3027,2011,Chronic lower respiratory diseases (J40-J47),CLRD,Florida,10279,38.5
3028,2010,Chronic lower respiratory diseases (J40-J47),CLRD,Florida,10337,40.1
3029,2009,Chronic lower respiratory diseases (J40-J47),CLRD,Florida,10182,40.3
3030,2008,Chronic lower respiratory diseases (J40-J47),CLRD,Florida,10198,41.1
3031,2007,Chronic lower respiratory diseases (J40-J47),CLRD,Florida,9357,38.6
3032,2006,Chronic lower respiratory diseases (J40-J47),CLRD,Florida,8912,37.5
3033,2005,Chronic lower respiratory diseases (J40-J47),CLRD,Florida,9482,40.4
3034,2004,Chronic lower respiratory diseases (J40-J47),CLRD,Florida,8971,39.1
3035,2003,Chronic lower respiratory diseases (J40-J47),CLRD,Florida,9087,40.4
3036,2002,Chronic lower respiratory diseases (J40-J47),CLRD,Florida,9062,40.9
3037,2001,Chronic lower respiratory diseases (J40-J47),CLRD,Florida,8954,41.2
3038,2000,Chronic lower respiratory diseases (J40-J47),CLRD,Florida,8645,40.3
3039,1999,Chronic lower respiratory diseases (J40-J47),CLRD,Florida,9131,43.1
3040,2016,Chronic lower respiratory diseases (J40-J47),CLRD,Georgia,4805,47.3
3041,2015,Chronic lower respiratory diseases (J40-J47),CLRD,Georgia,4607,46.7
3042,2014,Chronic lower respiratory diseases (J40-J47),CLRD,Georgia,4332,45.6
3043,2013,Chronic lower respiratory diseases (J40-J47),CLRD,Georgia,4172,45.4
3044,2012,Chronic lower respiratory diseases (J40-J47),CLRD,Georgia,3977,45
3045,2011,Chronic lower respiratory diseases (J40-J47),CLRD,Georgia,3837,45.3
3046,2010,Chronic lower respiratory diseases (J40-J47),CLRD,Georgia,3816,46.7
3047,2009,Chronic lower respiratory diseases (J40-J47),CLRD,Georgia,3736,46.7
3048,2008,Chronic lower respiratory diseases (J40-J47),CLRD,Georgia,3546,45.5
3049,2007,Chronic lower respiratory diseases (J40-J47),CLRD,Georgia,3384,45.1
3050,2006,Chronic lower respiratory diseases (J40-J47),CLRD,Georgia,3387,46.3
3051,2005,Chronic lower respiratory diseases (J40-J47),CLRD,Georgia,3411,48.4
3052,2004,Chronic lower respiratory diseases (J40-J47),CLRD,Georgia,3125,45.7
3053,2003,Chronic lower respiratory diseases (J40-J47),CLRD,Georgia,3254,48.7
3054,2002,Chronic lower respiratory diseases (J40-J47),CLRD,Georgia,3163,48.1
3055,2001,Chronic lower respiratory diseases (J40-J47),CLRD,Georgia,3097,48.3
3056,2000,Chronic lower respiratory diseases (J40-J47),CLRD,Georgia,3067,48.7
3057,1999,Chronic lower respiratory diseases (J40-J47),CLRD,Georgia,3056,49.1
3058,2016,Chronic lower respiratory diseases (J40-J47),CLRD,Hawaii,342,17.7
3059,2015,Chronic lower respiratory diseases (J40-J47),CLRD,Hawaii,332,17.3
3060,2014,Chronic lower respiratory diseases (J40-J47),CLRD,Hawaii,313,17.1
3061,2013,Chronic lower respiratory diseases (J40-J47),CLRD,Hawaii,279,15.6
3062,2012,Chronic lower respiratory diseases (J40-J47),CLRD,Hawaii,312,17.7
3063,2011,Chronic lower respiratory diseases (J40-J47),CLRD,Hawaii,318,18.9
3064,2010,Chronic lower respiratory diseases (J40-J47),CLRD,Hawaii,296,18
3065,2009,Chronic lower respiratory diseases (J40-J47),CLRD,Hawaii,303,19.1
3066,2008,Chronic lower respiratory diseases (J40-J47),CLRD,Hawaii,293,19.2
3067,2007,Chronic lower respiratory diseases (J40-J47),CLRD,Hawaii,299,19.9
3068,2006,Chronic lower respiratory diseases (J40-J47),CLRD,Hawaii,293,20
3069,2005,Chronic lower respiratory diseases (J40-J47),CLRD,Hawaii,287,19.8
3070,2004,Chronic lower respiratory diseases (J40-J47),CLRD,Hawaii,307,22
3071,2003,Chronic lower respiratory diseases (J40-J47),CLRD,Hawaii,287,21.1
3072,2002,Chronic lower respiratory diseases (J40-J47),CLRD,Hawaii,265,20
3073,2001,Chronic lower respiratory diseases (J40-J47),CLRD,Hawaii,280,21.9
3074,2000,Chronic lower respiratory diseases (J40-J47),CLRD,Hawaii,278,22.4
3075,1999,Chronic lower respiratory diseases (J40-J47),CLRD,Hawaii,290,24
3076,2016,Chronic lower respiratory diseases (J40-J47),CLRD,Idaho,865,45.7
3077,2015,Chronic lower respiratory diseases (J40-J47),CLRD,Idaho,843,46.3
3078,2014,Chronic lower respiratory diseases (J40-J47),CLRD,Idaho,819,45.8
3079,2013,Chronic lower respiratory diseases (J40-J47),CLRD,Idaho,808,46.7
3080,2012,Chronic lower respiratory diseases (J40-J47),CLRD,Idaho,754,46
3081,2011,Chronic lower respiratory diseases (J40-J47),CLRD,Idaho,824,51.5
3082,2010,Chronic lower respiratory diseases (J40-J47),CLRD,Idaho,727,47
3083,2009,Chronic lower respiratory diseases (J40-J47),CLRD,Idaho,725,48.2
3084,2008,Chronic lower respiratory diseases (J40-J47),CLRD,Idaho,703,48.2
3085,2007,Chronic lower respiratory diseases (J40-J47),CLRD,Idaho,666,47.1
3086,2006,Chronic lower respiratory diseases (J40-J47),CLRD,Idaho,644,46.9
3087,2005,Chronic lower respiratory diseases (J40-J47),CLRD,Idaho,717,54.1
3088,2004,Chronic lower respiratory diseases (J40-J47),CLRD,Idaho,572,44.5
3089,2003,Chronic lower respiratory diseases (J40-J47),CLRD,Idaho,601,47.9
3090,2002,Chronic lower respiratory diseases (J40-J47),CLRD,Idaho,595,48.7
3091,2001,Chronic lower respiratory diseases (J40-J47),CLRD,Idaho,581,48.6
3092,2000,Chronic lower respiratory diseases (J40-J47),CLRD,Idaho,569,48.8
3093,1999,Chronic lower respiratory diseases (J40-J47),CLRD,Idaho,568,49.5
3094,2016,Chronic lower respiratory diseases (J40-J47),CLRD,Illinois,5632,38.1
3095,2015,Chronic lower respiratory diseases (J40-J47),CLRD,Illinois,5544,38.2
3096,2014,Chronic lower respiratory diseases (J40-J47),CLRD,Illinois,5631,39.2
3097,2013,Chronic lower respiratory diseases (J40-J47),CLRD,Illinois,5532,39.3
3098,2012,Chronic lower respiratory diseases (J40-J47),CLRD,Illinois,5313,38.6
3099,2011,Chronic lower respiratory diseases (J40-J47),CLRD,Illinois,5390,39.9
3100,2010,Chronic lower respiratory diseases (J40-J47),CLRD,Illinois,5231,39.4
3101,2009,Chronic lower respiratory diseases (J40-J47),CLRD,Illinois,5299,40.3
3102,2008,Chronic lower respiratory diseases (J40-J47),CLRD,Illinois,5602,43.2
3103,2007,Chronic lower respiratory diseases (J40-J47),CLRD,Illinois,4742,37
3104,2006,Chronic lower respiratory diseases (J40-J47),CLRD,Illinois,4731,37.3
3105,2005,Chronic lower respiratory diseases (J40-J47),CLRD,Illinois,5067,40.4
3106,2004,Chronic lower respiratory diseases (J40-J47),CLRD,Illinois,4723,38.1
3107,2003,Chronic lower respiratory diseases (J40-J47),CLRD,Illinois,4858,39.5
3108,2002,Chronic lower respiratory diseases (J40-J47),CLRD,Illinois,4827,39.6
3109,2001,Chronic lower respiratory diseases (J40-J47),CLRD,Illinois,4776,39.5
3110,2000,Chronic lower respiratory diseases (J40-J47),CLRD,Illinois,4768,39.7
3111,1999,Chronic lower respiratory diseases (J40-J47),CLRD,Illinois,5155,43.2
3112,2016,Chronic lower respiratory diseases (J40-J47),CLRD,Indiana,4214,54.6
3113,2015,Chronic lower respiratory diseases (J40-J47),CLRD,Indiana,4212,55.4
3114,2014,Chronic lower respiratory diseases (J40-J47),CLRD,Indiana,4029,54
3115,2013,Chronic lower respiratory diseases (J40-J47),CLRD,Indiana,4266,58.4
3116,2012,Chronic lower respiratory diseases (J40-J47),CLRD,Indiana,3962,55.5
